family,kind,n,mean_C_norm,mean_C_rms,mean_corr
calibration,forged_static_control,120,18.931812830807687,0.16492951882709742,0.004777403764394772
calibration,legitimate_native,120,0.4112196920541608,126.58253816319785,0.9012425102088762
calibration,source_shuffled_control,120,1.4902635144690295,1.1101032270423719,0.010770988852588289
holdout_shifted,forged_static_control,120,16.751413050284246,0.14760859404419863,0.0003052435962153636
holdout_shifted,legitimate_native,120,0.39101376041630825,104.57326264437248,0.9063761755558936
holdout_shifted,source_shuffled_control,120,1.4762661656430565,1.1141256185989812,0.0058368492849011355
ood_multi,forged_static_control,120,21.945472618846306,0.19454870934681676,-0.0028063240160587314
ood_multi,legitimate_native,120,0.42999968204431555,216.37374627624158,0.8959454526805336
ood_multi,source_shuffled_control,120,1.594051636609918,1.3786915061947884,0.006748523528298111
