regime,candidate,eta_R2_vs_true,failure_AUC_low_eta,C_R2,stock_coef_hat,lambda0_hat,intercept,lambda0_true,lambda0_abs_error,stock_abs_error
adversarial,eta_v513_harmonic_repair,1.0,0.9900445416261743,0.9995931313398344,0.9682699574409924,1.5005054829077034,-0.022892509989439702,1.5,0.0005054829077033585,0.031730042559007576
adversarial,eta_product_repair,0.9871893112332877,0.9928259637188209,0.9944342330593382,10.581954048813548,1.4515661123629984,-2.753870013073694,1.5,0.04843388763700163,9.581954048813548
adversarial,eta_geometric_repair,0.9871893112332877,0.9928259637188209,0.9944342330593382,10.581954048813582,1.4515661123629982,-2.753870013073694,1.5,0.04843388763700185,9.581954048813582
ood_shift,eta_v513_harmonic_repair,1.0,0.9793023161645611,0.9995879142756271,1.1294363762796196,1.500711197882262,-0.06392116301189077,1.5,0.000711197882262038,0.12943637627961957
ood_shift,eta_product_repair,0.9831455798034056,0.978872287010042,0.9942394023079097,5.953530044262227,1.4684395575138538,-1.9917372336110333,1.5,0.0315604424861462,4.953530044262227
ood_shift,eta_geometric_repair,0.9831455798034056,0.978872287010042,0.9942394023079097,5.953530044262227,1.4684395575138536,-1.9917372336110262,1.5,0.03156044248614642,4.953530044262227
train_like,eta_v513_harmonic_repair,1.0,0.9692715419501133,0.9996012034040886,0.7441213218587904,1.5002487013951038,0.09192450285445375,1.5,0.00024870139510380085,0.25587867814120957
train_like,eta_product_repair,0.9933205110982175,0.965459993521218,0.9976528522363521,5.418362295190544,1.50359278604311,-3.981114584601386,1.5,0.0035927860431099745,4.418362295190544
train_like,eta_geometric_repair,0.9933205110982175,0.965459993521218,0.9976528522363521,5.418362295190545,1.5035927860431102,-3.981114584601386,1.5,0.0035927860431101966,4.418362295190545
