file,page,keyword_hits,snippet
abell1689_chandra_xue_wu_2002.pdf,2,"profile, mass profile, x-ray, temperature, projected mass","– 2 – ABSTRACT We present a new estimate of the projected X-ray mass of Abell 1689 observed with Chandra, in an attempt to clarify the issue of whether or not there exists a discrepancy between X-ray and gravitational lensing mass estimates claimed in previous investigations based on Einstein, ROSAT and ASCA observations. A particular attention is paid to examining if there is an offset between X-ray centroid and central dominant cD galaxy, which may be an indicator of the presence of local dynamical activities of intracluster gas in the central core and therefore, explain the discrepancy between X-ray and lensing mass estimates, if any. The unprecedentedly high spatial resolution achieved b"
abell1689_chandra_xue_wu_2002.pdf,3,x-ray,– 3 – gravitational lensing — X-ray: galaxies: clusters — X-ray: individual (Abell 1689)
abell1689_chandra_xue_wu_2002.pdf,4,"profile, x-ray, temperature","– 4 – 1. Introduction Clusters of galaxies serve as an ideal cosmological laboratory for test of theories of formation and evolution of structures, and for determinations of fundamental cosmological parameters such as the matter density parameter Ω , the baryon fraction M f , the normalization parameters σ and the shape parameter Γ. All these cosmological b 8 applications depend critically on how accurately the mass distributions of clusters can be measured. Current techniques include the optical measurements of distribution and velocity dispersion of cluster galaxies combined with the Jeans equation, the X-ray observations of intracluster gas (density and temperature profiles) coupled with "
abell1689_chandra_xue_wu_2002.pdf,5,x-ray,"– 5 – for non-cooling flow clusters (Allen 1998; Wu 2000), in which the apparent offsets between X-ray and lensing centers have been detected (Allen 1998; Katayama, Hayashida & Hashimotodani 2002). Therefore, detailed knowledge of the gas distribution in the inner regions of clusters will be crucial for clarifying the issue. The unprecedentedly high spatial resolution of the Chandra X-ray Observatory has permitted detailed studies of intracluster gas in the innermost regions of clusters. So far, central X-ray masses have been explicitly derived for several lensing clusters observed with Chandra. For at least three clusters (Abell 1835, MS 1358 and Abell 2390), the newly determined X-ray mass"
abell1689_chandra_xue_wu_2002.pdf,6,"x-ray, temperature, weak lensing","– 6 – and lensing mass estimates and the possible offset between X-ray and optical centers. The mass distribution of Abell 1689 has been reconstructed by several independent techniques of gravitational lensing: arcs and arclets (Tyson & Fischer 1995), the number count dilution of lensed red galaxies (Taylor et al. 1998), the distortion of background galaxy luminosity function (Dye et al. 2001) and the weak lensing of background galaxies (Clowe & Schneider 2001). This cluster was observed with EINSTEIN, ROSAT, GINGA, and ASCA. The X-ray luminosity in the 0.1 - 2.4 band is (2.74 ± 3.32) × 1045 erg s−1 (Ebeling et al. 1996) and the X-ray temperature is T = 9.02+0.40 keV (Mushotzky & Scharf 1997"
abell1689_chandra_xue_wu_2002.pdf,7,"table, x-ray","– 7 – the first 10 ksec observation. The second observation, unfortunately, suffered from some serious aspect problem and the dataset has not yet been made available for public. In order to achieve a better modeling of instrument gain and quantum efficiency, we process the Level 1 CXC data products using Chandra Interactive Analysis of Observations package CIAO-2.2, with complement of the updated calibration database CALDB-2.9. Following the standard methods (Chandra Science Threads for CIAO-2.21), we remove the Pixel and PHA Randomization effects, and “streak” events from the original event file. Periods of background flaring are removed using the CIAO task lc clean for ACIS ∼ chips I0-3 on"
abell1689_chandra_xue_wu_2002.pdf,8,"radius, x-ray, temperature","– 8 – bands, red: 0.3–1.5keV, green: 1.5–3keV and blue: 3–10keV. Images in each of the three bands, after being normalized by the exposure map, have been binned by four (such that an image pixel subtends 1.96 arcsec2 on the sky) and adaptively smoothed using CIAO task csmooth at 3σ significant levels with a maximum smoothing scale of 5 pixels. It appears that with Chandra’s high spatial resolution a large number of X-ray point sources have been resolved within the field around the galaxy cluster, ∼ 16′ × 16′. In order to check the Chandra astrometry, we use the CIAO tool wavdetect, with a significance parameter value of 10−7, to search for sources in the broad band image (0.3-10 keV) of the "
abell1689_chandra_xue_wu_2002.pdf,9,"table, profile, x-ray, temperature","– 9 – model (hereafter Model 1) does not give the best description of the data reflected by χ2/d.o.f= 344/311. The best fit of the data needs an additional absorption to the MEKAL model (hereafter Model 2), which improves the fit of Model 1 significantly at > 99.9% confidence level with χ2/d.o.f= 289/310. The observed and fitted spectra of Abell 1689 are plotted in Figure 2, and the best fit parameters of both models are listed in Table 1. It turns out that although the resulting X-ray temperature depends sensitively upon whether or not there is an extra absorption component, the best fit value of metallicity remains almost unaffected. This last point can be seen in the confidence plot (Figu"
abell1689_chandra_xue_wu_2002.pdf,10,"table, radius, x-ray","– 10 – 2.4. Surface brightness In order to take the possible asymmetric emission distribution into account, we first model the bulk X-ray emission of the cluster with a two-dimensional β model in the form S (x ,y ) x0 0 0 S (x,y) = S(r) = , (1) x (1+(r/r )2)α c where x′2(1 −ǫ)2 +y′2 r(x,y) = , (2) q 1 −ǫ and x ′ = (x−x )cosθ+(y −y )sinθ, (3) 0 0 y ′ = (y −y )cosθ+(x−x )sinθ. (4) 0 0 The model assumes that cluster emission has a projected elliptical brightness surface with ellipticity ǫ and position angle θ. The surface brightness is measured in photon counts/arcsec2/s with respect to the X-ray centroid (x ,y ), and is characterized by the 0 0 core radius r and a power-law index α. We apply t"
abell1689_chandra_xue_wu_2002.pdf,11,"table, profile, radial, radius, x-ray, temperature","– 11 – (13h11m30s.002,− 01◦20′28′′.28). This is about 8′′ from the X-ray emission centroid. A visual examination shows that the radio centroid is centered on one of the companion galaxies around the central cD. In Figure 5, we plot the X-ray emission contours overlaid on an HST/WFPC2 image of Abell 1689. Since the X-ray emission of the cluster is fairly symmetric, we first employ the conventional single β model to fit the radial brightness profile of the cluster. However, the fitting is not acceptable, reflected by χ2/d.o.f = 225.4/49. We then adopt a double β model r2 −3β1+0.5 r2 −3β2+0.5 S (r) = S1 1+ +S2 1+ , (5) x x0 r c 2 1! x0 r c 2 2! which provides a significantly reduced χ2 fit to t"
abell1689_chandra_xue_wu_2002.pdf,12,"profile, radius, x-ray, temperature, projected mass, strong lensing","– 12 – (Xue & Wu2000). Next, we infer the mass density profile fromρ(R) = (1/4πR2)[M(R)/dR], and calculate the projected mass m(r) within radius r from the cluster center along the line-of-sight. The resulting mass distribution based on the average temperature of T = 13.2+1.5 from Model 1 is shown in Figure 7. Note that utilization of Model 1 yields a −1.2 maximum estimate of the X-ray cluster mass because the temperature given by Model 1 is significantly higher than that by Model 2. On the other hand, the projected cluster mass within the position of giant arc r can arc be estimated through m(r ) = πr2 Σ , (7) arc arc crit where Σ = (c2/4πG)(D /D D ) is the critical surface mass density, D "
abell1689_chandra_xue_wu_2002.pdf,13,"profile, radius, mass profile, x-ray, projected mass, weak lensing","– 13 – The projected mass distribution of Abell 1689 has also been obtained from the study of the deficit of red galaxies behind the cluster by Taylor et al. (1998). We illustrate their reconstructed mass profile in Figure 7, allowing the uncertainties to include 90% confidence limits. Another mass estimate is provided by Dye et al. (2001) from the comparison of luminosity functions of background galaxies between the lensed field behind Abell 1689 and an undistorted control field. Their cumulative projected masses within three radii are shown in Figure 7. Finally, Clowe & Schneider (2001) fitted their weak lensing derived cluster masses to a singular isothermal sphere for a set of assumed ba"
abell1689_chandra_xue_wu_2002.pdf,14,"profile, mass profile, x-ray, temperature, projected mass","– 14 – and temperature distributions, incorporated with the hydrostatic equilibrium hypothesis, have allowed us to re-evaluate the projected mass profile of the cluster and compare it with the results provided by different lensing techniques. It shows that the significant mass discrepancy between X-ray and lensing methods reported in previous studies still remains even if the new Chandra data are used. With the unprecedented sub-arcsec spatial resolution, as well as the large effective detection areas in the broad energy range of 0.3-10 keV, the new Chandra observation of Abell 1689 disagrees with previous findings based on ROSAT observation that there exists an offset of 13′′.3 between the "
abell1689_chandra_xue_wu_2002.pdf,17,"table, temperature","– 17 – Table 1. Average Emission properties of Abell 1689 Model N Temperature Metallicity χ2/d.o.f H (1020cm−2) (keV) (Z⊙) Model 1 - 13.2+1.5 0.35+0.14 344/311 −1.2 −0.15 Model 2a 6.7+1.5 9.0+1.0 0.31+0.10 289/310 −1.5 −0.8 −0.09 aObserved flux in 0.5-10 keV, 2.7+0.1×10−11 ergs cm−2 s−1. −0.1 Note. — All the fittings have a fixed absorption at the Galactic value. All the errors quoted are at the 90% confidence level (i.e. ∆χ2 = 2.7)."
abell1689_chandra_xue_wu_2002.pdf,18,"table, temperature","– 18 – Table 2. Temperature structures of Abell 1689 Annuli(′′) Net counts T a(keV) T a(keV) 1 2 0-10 1197 14.5(10.4-20.8) 9.7(7.1-13.8) 10-20 2074 8.7( 7.3-10.5) 7.8(6.7-9.3) 20-30 1818 9.1( 7.6-11.5) 7.6(6.5-9.2) 30-40 1219 17.6(12.5-24.3) 14.3(9.2-17.1) 40-50 1388 12.4( 9.2-16.4) 8.8(6.9-11.1) 50-70 1804 11.8( 9.2-15.7) 8.5(7.0-10.8) 70-80 921 14.3(10.0-21.8) 11.3(8.0-16.7) 80-115 1850 13.5(10.4-18.2) 9.8(8.0-12.6) 115-155 1521 14.8(11.1-20.6) 12.9(9.6-17.6) aTemperature values are from Model 1 and Model 2, respectively. The intervals in parentheses represent 90% confidence limits."
abell1689_chandra_xue_wu_2002.pdf,19,"table, profile","– 19 – Table 3. 2-dimensional Modeling of the surface brightness profile of Abell 1689 rc α Sx0 x0,y0 ǫ θ (′′) (photons cm−2 s−1) (α,δ) (degree) 17.6±1.0 1.1±0.1 (7.1±0.5)×10−6 13h11m29s.45(±3.45′′),−01◦20′28′′.06(±1.35′′) 0.08 1.7 Table 4. Double β Modeling of the surface brightness profile of Abell 1689 r β S1 r β S2 c1 1 x0 c2 2 x0 (′′) (photons cm−2 s−1) (′′) (photons cm−2 s−1) 20.6±0.4 0.72±0.01 (4.1±0.1)×10−7 90.0±1.0 0.87±0.01 (4.5±0.1)×10−8"
abell1689_chandra_xue_wu_2002.pdf,20,x-ray,"– 20 – Fig. 1.— True color image of Abell 1689, produced by a mosaic of three smoothed X- ray bands: red: 0.3–1.5keV; green: 1.5–3keV; and blue: 3–10keV. Numerous X-ray point sources have been resolved within the field around the galaxy cluster, ∼ 16′ × 16′."
abell1689_chandra_xue_wu_2002.pdf,21,x-ray,"– 21 – Fig. 2.—ObservedX-rayspectrumofAbell1689(upperpanel)fittedbythethermalemission model MEKAL with an excess absorption (Model 2, bottom panel) convolved with Chandra instrumental responses. The fitting residuals are shown in the middle panel."
abell1689_chandra_xue_wu_2002.pdf,22,temperature,"– 22 – Fig. 3.— Confidence plot (68%, 90%, and 99%) of metallicity versus temperature for bulk thermal emissions of Abell 1689. Dashed-line and solid-line contours are for Model 1 and Model 2, respectively."
abell1689_chandra_xue_wu_2002.pdf,23,"profile, temperature",– 23 – Fig. 4.— Temperature profile of Abell 1689 constructed from Model 2.
abell1689_chandra_xue_wu_2002.pdf,24,x-ray,"– 24 – 3 0 2 4 0: 2 6 0 2 0 1: 2 1: - D A E C 3 0 2 8 R 0 3 1: 1 3: 1 Fig. 5.— X-ray emission contours overlaid on an HST/WFPC2 image of the central region of Abell 1689. Up is the North and left is to the East. Note that the central cD galaxy of the cluster, as indicated by the big arrow, coincides perfectly with the X-ray emission centroid. The small arrow points the position of the radio (FIRST) peak."
abell1689_chandra_xue_wu_2002.pdf,25,"profile, radial, x-ray","– 25 – Fig. 6.— Observed radial profile of X-ray surface brightness, together with the double β model fitting."
abell1689_chandra_xue_wu_2002.pdf,26,"projected mass, weak lensing","– 26 – Fig. 7.— Projected mass distributions of Abell 1689 derived from the Chandra observation (filled region with 90% confidence limits), the strong gravitational lensing (square), the distortion of background galaxy luminosity function (triangles), the deficit of number counts of red galaxies (solid lines) and the best fit singular isothermal sphere to the weak lensing data for background galaxy redshifts from z = 0.5 to 3.0 (dashed lines)."
abell1689_chexmate_multiprobe_2025.pdf,1,"profile, x-ray, temperature, pressure","Astronomy&Astrophysicsmanuscriptno.aanda ©ESO2025 March31,2025 CHEX-MATE: Multi-probe analysis of Abell 1689 L.Chappuis1,2,D.Eckert2,M.Sereno3,A.Gavidia4,J.Sayers4,J.Kim5,M.Rossetti6,K.Umetsu7,H.Saxena4,I. Bartalucci6,R.Gavazzi8,9,A.RowlandsDoblas2,E.Pointecouteau10,S.Ettori3,11,G.W.Pratt1,H.Bourdin12,13,R. Cassano14,F.DeLuca12,13,M.Donahue15,M.Gaspari16,F.Gastaldello6,V.Ghirardini3,M.Gitti17,14,B.Maughan18, P.Mazzotta12,13,F.Oppizzi19,E.Rasia20,21,22,andM.Radovich23 1 UniversitéParisSaclay,IRFU/CEA,91191,Gif-sur-Yvette,France e-mail:loris.chappuis@cea.fr 2 DepartmentofAstronomy,UniversityofGeneva,Ch.d’Ecogia16,CH-1290Versoix,Switzerland 3 INAF,OsservatoriodiAstrofisicaeScienzadelloSpazio,Vi"
abell1689_chexmate_multiprobe_2025.pdf,2,"profile, radius, mass profile, convergence, shear, x-ray, temperature, pressure, weak lensing","A&Aproofs:manuscriptno.aanda theformofdarkmatter(DM),accountingfortheremaining85% gas tends to be less relaxed (Lau et al. 2009; Meneghetti et al. (Gonzalezetal.2013;Chiuetal.2018;Eckertetal.2022b). 2010; Rasia et al. 2012; Angelinelli et al. 2020; Barnes et al. Tracing the nodes of the cosmic web, galaxy clusters serve 2021;Bennett&Sijacki2022). aspowerfulcosmologicalprobesthroughtheirmassandredshift On the other hand, cluster masses estimated using gravita- distribution (Allen et al. 2011). The primary systematic uncer- tionallensingareindependentofthedynamicalstateandareex- tainty affecting cosmological inferences with this technique is pectedtobeclosetounbiasedonaverage(Umetsu2020;Gran- "
abell1689_chexmate_multiprobe_2025.pdf,3,"table, profile, radius, x-ray, temperature, pressure, weak lensing","L.Chappuis etal.:CHEX-MATE:Multi-probeanalysisofAbell1689 This radius is often chosen to match a given level ∆ of over- Λ(T,Z) is roughly constant for temperatures greater than ∼ 2 density compared to the critical density of the Universe, i.e. keV. The surface brightness is then given by the gas emissivity whereρ¯(r∆)=∆ρ crit .Commonchoicesfor∆are200or500. integratedalongtheLOS, UsingN-bodysimulations,Navarroetal.(1996)established (cid:90) theNavarroFrenkWhite(NFW)parameterizationasagoodfit S (r)= Λ(T,Z)n n dl X e H to DM halo shapes in the Cold Dark Matter (CDM) paradigm (cid:90) across a wide range of halo masses, from dwarf galaxies to the ∝ n2dl. (4) most massive galaxy clusters (Bullock"
abell1689_chexmate_multiprobe_2025.pdf,4,"profile, radius, mass profile, convergence, shear, x-ray, pressure, weak lensing","A&Aproofs:manuscriptno.aanda We briefly summarize here the main equations of cluster 2.3. Modeling weak lensing. For more details we refer the reader to Umetsu This work builds upon the Python package hydromass1 (Eck- (2020). In a polar coordinate system centered on the lens, the ert et al. 2022a), which allows to model X-ray and SZ observ- shearγcanbesplitintotwogeometricallydefinedcomponents, ables jointly under the assumption that the gas is in hydro- thetangentialshearγ+,andthe45°rotatedcrossshearγ × : staticequilibriumwithinthepotentialwellsetbythetotalmass distribution. Here we extend the framework to include a self- γ+(θ,ϕ)=−γ 1 (θ)cos2ϕ−γ 2 (θ)sin2ϕ, consistentmodelingofWLsignalandga"
abell1689_chexmate_multiprobe_2025.pdf,5,"table, profile, radial, radius, shear, pressure","L.Chappuis etal.:CHEX-MATE:Multi-probeanalysisofAbell1689 Table1:Priordistributionsonthemodelparameters. Parameter Prior NFW c U([1,20]) 200 r [kpc] U([900,4000]) 200 Einasto c N(µ=1.8,σ=1.5,min=0,max=5) norm r [kpc] N(µ=700,σ=300,min=100,max=1800) s µ N(µ=5,σ=3,min=1,max=20) Ppolytropic log (P [keV.cm3]) U([−5,−2]) NT 10 0NT β N(µ=0.9,σ=0.13) PAngelinelli a U([−0.5,2]) NT 0 a U([−1,2]) 1 log (a ) U([−6,2]) 10 2 Elongatione N(µ=1.0,σ=0.2,min=0.1,max=10) ExternalpressureP N(µ= P (r ),σ=err(P (r ))) 0 SZ max SZ max 2.3.1. Fromdensityprofiletomeantangentialshear gravitational field. This term is expected to be dominated by merger-induced random gas motions that have not yet thermal- Our impleme"
abell1689_chexmate_multiprobe_2025.pdf,6,"table, profile, radial, radius, x-ray, temperature, pressure","A&Aproofs:manuscriptno.aanda 2022),whichislessthanthepolytropicindexofthethermal pressure(Γ∼1.2,Capeloetal.2012;Ghirardinietal.2019), suchthatgenerallyα increaseswithradius. NT To set up the priors on the parameters of the non-thermal pressure profiles, we used the set of 20 simulated clusters pre- sented in Angelinelli et al. (2020) and fitted their non-thermal pressure profile with Eq. 25. We then used the distributions of themodelparametersinthesimulatedsampletosetupthepri- orsontheparameterswhenfittingthedata.Thepriorsarebroad enoughtoencompasstherangeofprofilesinthesimulateddata set.Ourimplementationofthepolytropicmodelusesaloguni- formprioronP andaGaussianprioronβ,anduniformpriors 0NT "
abell1689_chexmate_multiprobe_2025.pdf,7,"table, profile, radial, radius, mass profile, convergence, shear, x-ray, temperature, pressure, weak lensing","L.Chappuis etal.:CHEX-MATE:Multi-probeanalysisofAbell1689 Inrealisticcases,wefindthattheelongation-dependentcorrec- This was explained as due to the fact that this cluster is under- tion factor in the right-hand side of Eq. 36 reproduces the true goingamergereventataverysmallanglewiththelineofsight solution of Eq. 31 with an accuracy of a few percent at every (Andersson&Madejski2004).Rossetti&Molendi(2010)also radius. classifiedthisobjectasamergercoolcoreremnant. Inpractice,theconstraintsontheelongationparametereare Therefore, A1689 is an ideal candidate to evaluate the ef- obtainedfromtheratioofthepressureinferredfromX-rayand ficiency of the elongation parameter and non-thermal pres- SZobse"
abell1689_chexmate_multiprobe_2025.pdf,8,"table, profile, radial, shear, x-ray, temperature","A&Aproofs:manuscriptno.aanda (a)Multi-wavelengthsmapsofA1689.Left:XMM-Newtoncountmapinthe[0.7-1.2]keV.Middle:Planck+ACTCompton-ymap.Right:SubaruSuprime-Cam image(Vband). (b)A1689radialprofiles: upperleft:X-raysurfacebrightness(XMM-Newton);upperright:X-rayspectroscopictemperatures(XMMNewton);lowerleft:SZComptony(Planck+ACT); lowerright:Meantangentialshear(SubaruSuprime-CamandCFHTMegaPrime/MegaCam).Allofthese1Dprofileswillbeusedasinputsseparatelyforsingle- probeanalysis,ortogetherforourjointmulti-probeanalysis. Fig.2:A1689X-ray,SZandWLdataset:2Dimagesand1Dprofiles. MOS2,andpnspectrausingtheAPECmodel(Smithetal.2001) (ACT) and Planck with 1.6 arcmin full-width half-maximum in a Bayesian MCMC fra"
abell1689_chexmate_multiprobe_2025.pdf,9,"table, profile, radial, radius, x-ray, temperature, pressure, weak lensing","L.Chappuis etal.:CHEX-MATE:Multi-probeanalysisofAbell1689 matethenoiseleveloftheCompton-ymap,equal-sizedpatches depth of our A1689 data by adding extra noise in the COS- oftheACTmapswererandomlysampled.Acomputeduniform MOS2015 catalogue. Then, nearest neighbors in the matched backgroundof4.3×10−6 wasusedtoinfertheuncertaintiesof BVR i+z+ magnitude space are used for each source in or- C thedatapointsinthe1Dprofilepresented.Computingthepres- der to build a photometric redshift distribution based the 100 sure profile in the mass model framework (Eq. 18) requires a nearest neighbors using a fast kd-tree structure (Kennel 2004). priorontheexternalpressureP .Wedefinedthelatterasanor- Theresulting"
abell1689_chexmate_multiprobe_2025.pdf,10,"table, profile, x-ray, temperature, pressure",A&Aproofs:manuscriptno.aanda Table2:CombinedAnalysisPosteriorDistributions:MedianValuesand1σuncertainties(i.e.posteriordistributionbetweenthe16thand84th percentile). Modelname P NT type c 200 r 200 [kpc] M 200 [1015M ⊙ ] α NT (r2 2 00) e c norm r s α NFWX-rayanalysis 1-a None 6.01+0.23 2141+33 1.30+0.06 x x x x x −0.24 −29 −0.05 NFWX-rayandSZanalysis 1-b None 6.14+0.19 2188+23 1.39+0.04 x x x x x −0.18 −22 −0.04 1-c None 6.48+0.21 2039+22 1.13+0.04 x 1.30+0.03 x x x −0.20 −23 −0.04 −0.03 NFW(1strow)andEinasto(2ndrow)weaklensingonlyanalysis 2-a None 15.40+3.03 2298+95 1.61+0.21 x x x x x −3.38 −81 −0.16 2-b None 7.52+0.67 2593+144 2.32+0.41 x x 4.07+0.61 344.7+88.5 0.17+0.12 −1.20 −167 −0.42 
abell1689_chexmate_multiprobe_2025.pdf,11,"table, profile, shear, x-ray, temperature, pressure, weak lensing","L.Chappuis etal.:CHEX-MATE:Multi-probeanalysisofAbell1689 (a) (b) Fig.4:a)ThegNFWpressureprofilefittedtoA1689’sX-raydataisprojectedandtransformedintoaComptonyparameterprofile(dashedred) andconvolvedwiththe Planck +ACTPSFtoproducearealistmockobservation(red).Thisprofileisoverplottedtotherealyprofile(black) extractedfromPlanck+ACTdata.. b)NFWX-ray/SZjointanalysisofA1689,X-raytemperatureprofileposteriordistributionsof2models:sphericalandelongated(respectivelyin orangeandlightblue,modelnames1-band1-cinTable2).TheresultsoftheanalysisasaposteriormodeldistributionontheSZyparameterand X-raybrightnessprofilesforbothmodelscanbefoundintheappendix. AsanticipatedfromthecomparisonbetweenthegNFWfitof theX-"
abell1689_chexmate_multiprobe_2025.pdf,12,"table, profile, radial, shear, x-ray, temperature, pressure, weak lensing","A&Aproofs:manuscriptno.aanda – 3-b:elongatedhydrostatic, a tight constraint on the elongation parameter e. Applying our – 3-c:sphericalandpolytropicnon-thermalpressure, frameworktotheentiredataset(X-ray,SZ,andweaklensing), – 3-d:sphericalandAngelinellinon-thermalpressure, wethereforeonlyconsidertheelongatedscenarioandcompare – 3-e:elongatedandpolytropicnon-thermalpressure, threedifferentmodelsassumingtheNFWmassmodel: – 3-f:elongatedandAngelinellinon-thermalpressure. – 4-a:elongatedhydrostatic, ThemediansanderrorsoftheNFWfittedparametersposte- riors (c and r ) and the corresponding enclosed mass M – 4-b:elongatedandpolytropicnon-thermalpressure, 200 200 200 fortheX-rayandweaklensingjointanaly"
abell1689_chexmate_multiprobe_2025.pdf,13,"table, profile, radius, shear, x-ray, temperature, pressure","L.Chappuis etal.:CHEX-MATE:Multi-probeanalysisofAbell1689 (a) (b) Fig.6:A1689NFWjointanalysis,fittothetangentialshearprofile(blackpoints).Thecorrespondingfitstothegasobservablecanbefoundin theappendix.(a)X-ray/WLanalysisresults.TheX-ray1Dprofiles(surfacebrightnessandtemperatures)aswellasthetangentialshearprofile arefittedjointlyforeveryP (Angelinelliorpolytropicparameterization)andelongationcombination(models3-athrough3-f;seeSect.4.3and NT Table2).(b)X-ray/SZ/WLanalysisresults(seeSect.4.4).Allgasobservableprofiles(S ,T ,Comptony)arefittedjointlywiththetangential X X shearprofile.ThethreeX-ray/SZ/WLresultsshownhereincludetheelongationparameter(i.e.elongatedmodels)andareeithernotintegrating an"
abell1689_chexmate_multiprobe_2025.pdf,14,"table, profile, radius, shear, x-ray, pressure, weak lensing","A&Aproofs:manuscriptno.aanda the mass model (Eq. 22). At r , the Angelinelli and Poly- alsoshowthepriordistributionontheEinastoshapeparameter. 500 tropicparameterizationsindicatenon-thermalpressurefractions The weak lensing only analysis does not add much constraint ofapproximatelyandα ≈40%.ThesevaluespositionA1689 on the shape parameter, as the posterior distribution is nearly NT among clusters with significant non-thermal pressure support, identicaltotheprior.Conversely,thejointanalysisallowsusto notablyexceedingthe20%levelspredictedbyhydrodynamical constrain the Einasto shape parameter α, as shown by the nar- simulations(e.g.,Rasiaetal.2006;Lauetal.2009;Nelsonetal. rower posterior distrib"
abell1689_chexmate_multiprobe_2025.pdf,15,"profile, radius, mass profile, shear, x-ray, pressure","L.Chappuis etal.:CHEX-MATE:Multi-probeanalysisofAbell1689 (a) (b) Fig.8:a)PressureprofilesinferredfromtheA1689NFWfulljointanalysis(X-ray/WL/SZ)ofboththepolytropicandAngelinelliparameteriza- tions. b)P /P ratioforbothparameterizations.Thegreyshadedregiondenotesthe1σenvelopeofthenon-thermalpressureprofilesderivedfrom NT TOT 20simulatedclustersinAngelinellietal.(2020),whichwereusedtoinformourpriordistributions.Thedashedblacklinemarkstheradiusr . 500 Theradiiconsideredherearethe3Daveragedradii. However,upcominglargeSZ(ACT,SPT)andweaklensingsur- veys (e.g. Euclid, Rubin) will bring datasets of similar quality for an increasing number of systems, which will allow us to study the distribution of th"
abell1689_chexmate_multiprobe_2025.pdf,16,"table, profile, mass profile, shear, x-ray, temperature, pressure, weak lensing","A&Aproofs:manuscriptno.aanda support from the combination of X-ray, SZ, and WL data. We portfromtheERCConsolidatorGrantBlackHoleWeather(101086804).GWP implementedaweaklensingmoduletothealreadyexistingcode acknowledgeslong-termsupportfromCNES,theFrenchspaceagency.Thisre- hydromass(Eckertetal.2022a),thusaddingthepossibilityto searchwassupportedbytheInternationalSpaceScienceInstitute(ISSI)inBern, throughISSIInternationalTeamproject#565(Multi-WavelengthStudiesofthe fit tangential shear profiles jointly with X-ray (temperature and CulminationofStructureFormationintheUniverse). surfacebrightnessprofiles)andSZ(Comptonyprofile)data.To account for possible differences between the three observables, w"
abell1689_chexmate_multiprobe_2025.pdf,18,"profile, radius, x-ray","A&Aproofs:manuscriptno.aanda AppendixA: Comparisontotriaxialmodelingof Kimetal.(2024) In Kim et al. (2024), a 3D triaxial modeling of A1689 was fit- ted to 2D maps of the same data set of gas observables (X-ray and SZ), using parameterized electronic density and gas pres- sure profiles and without hydrostatic assumption. The authors used a similar data set and also inferred the line of sight elon- gation through comparison of X-ray and SZ data, they offer a verycomparableoutput.Therecoveredelongationparametere || oftheirmodelingisdefinedastheratioofthesizeoftheellip- soidalongtheLOS(l )tothemajoraxisoftheprojectedellipse los intheplaneofthesky(l ): p l e = los (A.1) || l p Toenableadirectcom"
abell1689_chexmate_multiprobe_2025.pdf,19,x-ray,"L.Chappuis etal.:CHEX-MATE:Multi-probeanalysisofAbell1689 (a) (b) Fig.B.1:A1689X-ray/SZ,NFWjointanalysis:fitstotheX-raybrightness(left)andSZyparameter(right). (a) (b) Fig.B.2:A1689X-ray/WL,NFWjointanalysis:fitstotheX-rayobservables. Articlenumber,page19of23"
abell1689_chexmate_multiprobe_2025.pdf,20,"radius, x-ray, pressure","A&Aproofs:manuscriptno.aanda (a) (b) Fig.B.3:NFWjointanalysisofA1689:cornerplotsfeaturingAngelinelliNon-thermalpressuretototalpressureratioα (0.5r ),loselongation NT 200 e,concentrationc andradiusr (inMpc). 200 200 a)X-ray/WLjointanalysis, b)fullX-ray/SZ/WLjointanalysis. Articlenumber,page20of23"
abell1689_chexmate_multiprobe_2025.pdf,21,x-ray,"L.Chappuis etal.:CHEX-MATE:Multi-probeanalysisofAbell1689 (a) (b) (c) Fig.B.4:A1689X-ray/SZ/WL,NFWjointanalysisresults:fitstothegasobservables. Articlenumber,page21of23"
abell1689_chexmate_multiprobe_2025.pdf,22,"profile, shear, x-ray, pressure","A&Aproofs:manuscriptno.aanda (a) (b) (c) (d) Fig.B.5: X-ray/SZ/WLjointanalysis results:totalA1689 datasetfitted withtheEinastodensity profileintheelongated casewithpolytropic non-thermalpressure.ThemeantangentialshearprofilealsofeaturestheresultfortheWeakLensingonlyEinastoanalysis. Articlenumber,page22of23"
abell1689_chexmate_multiprobe_2025.pdf,23,"profile, x-ray, pressure, weak lensing","L.Chappuis etal.:CHEX-MATE:Multi-probeanalysisofAbell1689 (a)Analysisofmockprofiledrawnfrommodel4-b(polytropic)posteriorpredictive (b)Analysisofmockprofiledrawnfrommodel4-c(Angelinelli)posteriorpredictive Fig. B.6: Comparison of the recovered values for the non-thermal pressure fraction, α (r200), and elongation, e, obtained by fitting 4×2 sets NT 2 ofprofilesdrawnfromtheposteriorpredictivedistributionsofourmulti-probeanalysisofA1689.Thetoppanelpresentsresultsfromprofiles generated using model 4-b, which implements the polytropic parameterization. These profiles were fit using both the polytropic (circles) and Angelinelli (squares) parameterizations in two analysis setups: X-ray/Weak Lensing"
abell1689_lensperfect_massmap_2010.pdf,1,"profile, radius, weak lensing, strong lensing","Draft PreprinttypesetusingLATEXstyleemulateapjv.11/10/09 THE HIGHEST RESOLUTION MASS MAP OF GALAXY CLUSTER SUBSTRUCTURE TO DATE WITHOUT ASSUMING LIGHT TRACES MASS: LENSPERFECT ANALYSIS OF ABELL 1689 Dan Coe1, Narciso Ben´ıtez2, Tom Broadhurst3, Leonidas A. Moustakas1, and Holland Ford4 Draft ABSTRACT We present a strong lensing mass model of Abell 1689 which resolves substructures ∼25 kpc across (including about ten individual galaxy subhalos) within the central ∼400 kpc diameter. We achieve thisresolutionbyperfectlyreproducingtheobserved(stronglylensed)inputpositionsof168multiple imagesof55knotsresidingwithin135imagesof42galaxies. Ourmodelmakesnoassumptionsabout lighttracingmass,yetwereprod"
abell1689_lensperfect_massmap_2010.pdf,2,"table, profile, radius, mass profile, x-ray, weak lensing, strong lensing","2 Coe et al. mansetal.2008). OfcourseWLcomplementsSLnicely, highly magnified background galaxies and multiple im- as WL probes cluster mass distributions to much larger age systems. radii (the virial radius r (cid:38) 2 Mpc) where the lensing The observations (obtained in 2002 June) delivered, vir strength is weaker. and the 100+ multiple images still far surpass any other Traditional SL analysis methods were not able to fully gravitationallens. Todate,otherclustersobservedtothe process the large numbers of multiple images revealed in same depth have yielded far fewer multiple images: 53, the ACS images of A1689. LTM models produced by 35,and33fromA1703,A2218,andCL0024,respectively Broadhurs"
abell1689_lensperfect_massmap_2010.pdf,3,"table, profile, radius, x-ray, weak lensing, strong lensing","LensPerfect Abell 1689 Analysis 3 TABLE 1 Published strong lensing mass reconstructions of A1689 based on the ACS images Averageresiduals Alias Paper AssumeLTM Galaxies MultipleImages sourceplane imageplanea B05 Broadhurstetal.(2005a) (cid:88) 30 106 ··· 3.2(cid:48)(cid:48) Diegoetal.(2005b) × 30 106 ··· 3(cid:48)(cid:48) Z06 Zekseretal.(2006) (cid:88) 22–30 74–106 0.7(cid:48)(cid:48)–1.2(cid:48)(cid:48) ··· Sahaetal.(2006) × 7,9 28,30 0 0 H06 Halkolaetal.(2006) (cid:88) 31+arc 107 ··· 2.7(cid:48)(cid:48) H07 Halkolaetal.(2007) (cid:88) 31+arc 107 ··· 2.5(cid:48)(cid:48) L07 Limousinetal.(2007) (cid:88) 34 113 0.45(cid:48)(cid:48) 2.87(cid:48)(cid:48) Jullo&Kneib(2009) (cid:88)×b 12 28 ··· 0"
abell1689_lensperfect_massmap_2010.pdf,4,"table, profile, radius, mass profile","4 Coe et al. nature (e.g., Barkana & Loeb 2009)? Recent hydro- theclustergalaxies,werecovermanyfaintobjectslostin dynamical simulations (Duffy et al. 2010; Mead et al. their glare, including demagnified central images which 2010) show this is unlikely. Baryons appear to increase allow us to constrain the mass model at small radius. cluster concentrations only modestly at best (∼ 10%), Muchoftheanalysisdescribedinthissectionwasper- though they more likely decrease concentrations slightly formed for and utilized by B05. (as found when strong AGN feedback is included in the simulations). 2.1. Observations If real clusters in fact have higher concentrations than Abell 1689 (RA=13h11m30s.13, Dec="
abell1689_lensperfect_massmap_2010.pdf,5,table,LensPerfect Abell 1689 Analysis 5 TABLE 3 Abell 1689 Observations Telescope/Camera/Detector Filter FWHM Area MagnitudeLimita ACS/WFC g(cid:48) 0(cid:48).(cid:48)11 11.8(cid:117)(cid:116)(cid:48) 27.24 ACS/WFC r(cid:48) 0(cid:48).(cid:48)10 11.8(cid:117)(cid:116)(cid:48) 27.00 ACS/WFC i(cid:48) 0(cid:48).(cid:48)10 11.8(cid:117)(cid:116)(cid:48) 26.92 ACS/WFC z(cid:48) 0(cid:48).(cid:48)11 11.8(cid:117)(cid:116)(cid:48) 26.50 DuPontTelescope@LasCampanas U Johnson 0(cid:48).(cid:48)93 72.3(cid:117)(cid:116)(cid:48) ··· NordicOpticalTelescope(NOT)@LaPalma B NOT 1(cid:48).(cid:48)13 41.0(cid:117)(cid:116)(cid:48) ··· KeckII/LRIS V LRIS 0(cid:48).(cid:48)81 80.1(cid:117)(cid:116)(cid:48) 27.17 Ke
abell1689_lensperfect_massmap_2010.pdf,6,"table, profile, radial, radius, shear","6 Coe et al. between observed and model fluxes with some uncer- oussystemswiththickmultipleimagesasin,say,CL0024 taintyassignedtothemodelfluxes(seeCoeetal.2006). (Tyson et al. 1998; Zitrin et al. 2009b). Only after care- An example of an excellent (χ2 = 0.03) and correct ful study of the color image did B05 discover the image mod (∆z =0.01) SED fit to a cluster elliptical obtained with system 1-2, a pair of pale green and blue specks that re- recalibrated fluxes is shown in Fig. 1. Of the 108 galax- peats five times about the image, leaving no doubt as ies with spectroscopic redshifts in the ACS FOV, we ob- to its identification. Once these first multiple images are tained good SED fits (χ2 "
abell1689_lensperfect_massmap_2010.pdf,7,"table, profile, mass profile","LensPerfect Abell 1689 Analysis 7 Fig. 3.— Multiple images in Abell 1689 labeled on the STScI 3.2(cid:48)×3.3(cid:48) ACS g(cid:48)r(cid:48)z(cid:48) color image. Most of the labels are directly above theimages,butsomehavebeenoffsetslightlytominimizeclutter. TheexactcoordinatesofeachimagearegiveninTable5. Acompass providestheorientation(a115◦ rollangle),whilethelengthsofthearrowsprovidethescale(20(cid:48)(cid:48)≈62kpc). H06identifiedonebrand-newsystem(their31),asmall thatourtwo-imagesystemshavelittleeffectonthemass pair of blue images along the fold inside the main sub- map. clump. L07 “rediscovered” this system, naming it 36. We also mention in passing H06’s “system” 32, a sin- L07 also pr"
abell1689_lensperfect_massmap_2010.pdf,8,"table, shear","8 Coe et al. combined galaxy-subtracted color image reveals many re-added the multiple images one by one to our model. colored specks in the central region of the cluster. A We found that a few central images (7c, 8e, 19e) did great number of these specks are globular clusters be- not fit well with the rest, producing aphysical models longing to A1689 (Mieske et al. 2004, 2005). The rest when added (even after all of the source positions were maybedemagnifiedmultipleimages. Asidefromsorting allowedtoshuffletonewpositionsinsearchofaphysical out this confusion, we also have to contend with resid- model). We are unable to securely identify replacement uals which persist from the galaxy subtract"
abell1689_lensperfect_massmap_2010.pdf,9,"table, surface density, strong lensing","LensPerfect Abell 1689 Analysis 9 optimization routine (§4). We allow these redshifts to later reprocessed by APSIS yielding images 4379×4481 wander but they incur a penalty for doing so. A rough pixels. The improvements included better correction for uncertainty (∆z = 0.5,0.7,1.0,2.0) is assigned to each the geometrical distortion of the images. Nevertheless, redshift according to our relative confidence in it, and the offset in coordinates between the original and sub- deviationsfromtheinputvaluesaredividedbytheseun- sequent processed images is a nearly constant (21, 22) certainties. Given these normalized deviations, we then across the entire image, only deviating by a pixel in x in taket"
abell1689_lensperfect_massmap_2010.pdf,10,"table, radial, radius","10 Coe et al. density is that generally required for multiple images to of source positions yields a new mass map. Iterating be produced. It is a function of source redshift as given over various arrangements of source positions, we find a by: range of mass maps all of which perfectly reproduce the observed image positions. Among these, we select the Σ = c D S , (3) “most physical” mass map using a set of non-restrictive crit 4πGD D criteria. Aside from the requirement that the mass map L LS bepositive,thesecriteria(describedindetailinCoeetal. involving a ratio of the angular-diameter distances from 2008) promote mass maps which are smooth, decrease observer to source D = D (0,z ), observer "
abell1689_lensperfect_massmap_2010.pdf,11,"profile, radial, radius, mass profile","LensPerfect Abell 1689 Analysis 11 300 200 100 0 -100 -200 -200 -100 0 100 200 300 Kpcfromcenter retnecmorfcpK to ∼30 multiple images per solution. We estimate their effective resolution to be ∼ 50 kpc, or about one-fourth 3.5 our 2-D resolution (half along each axis). By using four times the number of constraints (multiple images), we 3.0 obtain a mass model with four times the resolution. Finally in Fig 17 we show our multiple images as de- 2.5 lensedtothesourceplanebyourmassmodel. Notethat 2.0 each constrained knot in each system is delensed to the κ samesourcepositionineachmultipleimage. Tobeclear, ∞ 1.5 we do properly model extended images as the multiple knotsineachimagemapbacktodiffer"
abell1689_lensperfect_massmap_2010.pdf,12,profile,"12 Coe et al. Fig. 5.— Mass map contours in units of κ∞ = 1/3 laid over the 3.2(cid:48)×3.3(cid:48) STScI ACS g(cid:48)r(cid:48)z(cid:48) color image. The outermost contour, κ∞ = 0, was also plotted in the previous figure. Pink squares indicate the 135 multiple image positions all perfectly reproduced by our model, and the white line indicates the convex hull. Outside this region, our solution should be disregarded. This solution is not unique butwasthe“mostphysical”wefound. curves are not well constrained by the data alone. They tionswhichreproducethedataat,say,60-σ(3.0(cid:48)(cid:48)). Non- are sensitive to the exact distribution of substructure in LTMmethods,ontheotherhand,mayinclude,atw"
abell1689_lensperfect_massmap_2010.pdf,13,"profile, radial, radius, mass profile, projected mass, strong lensing","LensPerfect Abell 1689 Analysis 13 Fig. 6.— Left: Critical curves for sources at redshifts zs = 1, 2, and 7 laid over the 3.2(cid:48)×3.3(cid:48) STScI ACS g(cid:48)r(cid:48)z(cid:48) color image. The loops in the curves are probably too broad, an artifact of the insufficiently resolved substructure clumps in our models. (Compare the curveswiththepinksquaresindicatingthemultipleimagepositionswhichprovidemodelconstraints.) Givenadditionalmultipleimages (or a well-informed prior such as LATM), finer substructure would be resolved, yielding tighter and more precise critical curves. Right: Thegreatfreedominourmodelsallowsforbroadvariationinthecriticalcurveshapes. Weplotzs =7criticalcurvesforalls"
abell1689_lensperfect_massmap_2010.pdf,14,"profile, radius, mass profile, surface density, shear, projected mass","14 Coe et al. closely, although the more flexible S´ersic profile does al- 6.2. Simultaneous fits to the SL and WL data low for a slightly shallower central slope. We could al- Lensing-based constraints on mass concentration are low the central slope of our NFW profile to vary with a best derived from simultaneous SL + WL analyses. To- three-parameter “generalized NFW profile” (Zhao 1996; gether,SLandWLprobeasufficientrangeofradiusfrom Wyithe et al. 2001), but we do not explore this here. the cluster center, capturing the profile turnover from Rather than fitting to κ(R) as is common, we can re- ρ∝r−1 andM(<R)∝R2 nearthecoretoρ∝r−3 and duce the uncertainties of our NFW fit parameters by fit-"
abell1689_lensperfect_massmap_2010.pdf,15,"table, profile, radius, mass profile, surface density, shear, x-ray","LensPerfect Abell 1689 Analysis 15 12 10 8 6 4 38 40 42 44 46 48 50 52 54 56 EinsteinRadiusR (z =2;arcsec) E S cnoitartnecnoC 002 3.0 2.5 κ(R) 2.0 M(<R) 1.5 1.0 0.5 0.0 )R( κ ∞ 1.5 1.4 1.3 1.2 1.1 1.0 0.9 0.8 0 10 20 30 40 50 60 70 R(arcsec) devresbo/tif:)R<(M Fig. 9.— Fits to the enclosed mass M(< R) provide tighter constraints than fits to the mass surface density κ(R). Left: NFW fit confidence contours (1-σ and 2-σ) in the plane of Einstein radius RE(zs =2) and concentration c200. Best fit values are plotted as X’s. (NotetheNFWscaleradiusrs isfixedbyeach(RE,c)pair.) Right: IllustrationofwhyM(<R)providestighterconstraintsthanκ(R). RightTop: BestNFWfit(green)totheobservedκ(R)andtwootherfits"
abell1689_lensperfect_massmap_2010.pdf,16,"table, profile, radius","16 Coe et al. 30 25 20 15 10 5 0 10 20 30 40 50 60 EinsteinRadiusRE(zS=2;arcsec) 002cnoitartnecnoC 30 25 M(cid:0) ) WL(all) 20 5 / 1 31 3. log1 (0 M20 1 0 4.5 -SL+WL 15 10 15 SL 1 4 15.5 5 16 0 10 20 30 40 50 60 EinsteinRadiusRE(zS=2;arcsec) 002cnoitartnecnoC 30 25 M(cid:0) ) WL(ACS+CFHT) 20 5 / 1 31 3. log1 (0 M20 1 0 4.5 -SL+WL 15 10 15 SL 1 4 15.5 5 16 0 10 20 30 40 50 60 EinsteinRadiusRE(zS=2;arcsec) 002cnoitartnecnoC M(cid:0) ) WL(CFHT) 5 / 1 31 3. log1 (0 M20 1 0 4.5 -SL+WL 15 SL 1 4 15.5 16 Fig. 11.—ConstraintsonEinsteinradiusRE andconcentrationc200 fromanNFWprofilefittotheobservedSL(red),WL(green),and bothcombined(yellow). ThreesetsofWLdataareused–left: all;middle: CFHT(L07)&ACS(M07)"
abell1689_lensperfect_massmap_2010.pdf,17,"profile, radius, surface density","LensPerfect Abell 1689 Analysis 17 r s(arcsec) 70 100 150 200 250 300 400 14 LPS(thiswork) 17 LPS+W Broadhurst05bS 12 Broadhurst05aS+W 15 Zekser06S(rs×0.7) Halkola06S Halkola06S+W 13 10 Limousin07S Limousin07W D M u a f c f c y i 0 o 8 08 11 c 200 8 N H e e t n o n 0 a 7 wi07 c 115 Bullock01 9 Gentile07 6 C R o E m = e 4 r 7 f . o 5 r (cid:0)(cid:0) d07(obs) 7 Mvir=2×1015M(cid:1) 4 5 2 3 2 3 4 5 6 7 8 910111213 r s(100KPC) Fig. 13.— NFW fit parameters (rs, c200 [cvir]) found in this paper and in previous works compared to those predicted from simulations. Filled circles give best fit SL parameters from B05, Z06,H06,L07,andoursrs=338+ − 1 7 0 1 5kpc,c200=7.6±1.3(cvir = 9.6+1.7). Filledupright"
abell1689_lensperfect_massmap_2010.pdf,18,"profile, radial, radius, mass profile, surface density, weak lensing, strong lensing","18 Coe et al. & White (2008). These fits yield slightly (< 20%) dif- sumed. This ideal method would include a parent halo, ferent concentrations than NFW fits (Coe 2010). We do galaxy components, and line of sight structure, all with not explore Einasto profile fits here. sufficient flexibility. Each galaxy component might be TheS´ersicprofileremainsintriguingforthedirectcom- allowed to vary individually in M/L, radial scale, trun- parisonswhichcanbemade(Merrittetal.2005)tomany cationradius,andperhapsposition. Differentformsmay published S´ersic fits to galaxy luminosity profiles, (al- even be explored: truncated isothermal ellipsoid versus though this may just be coincidental Dhar & William"
abell1689_lensperfect_massmap_2010.pdf,19,"profile, weak lensing","LensPerfect Abell 1689 Analysis 19 verify our ability to not only resolve substructure but We would like to thank Marceau Limousin and Eli- measure the masses of these halo subclumps. Backed nor Medezinski for sending us their weak lensing profiles by these tests, future analyses of our substructure maps andforusefulconversations. WealsothankAngeloNeto should yield further evidence for galaxy halo stripping forusefulconversationsabouttheMillenniumsimulation in cluster environments, test the degree to which light and their study of halo profiles. This work was carried traces mass, and perhaps even lead to detection of dark out in part at Jet Propulsion Laboratory, California In- subhalos, sho"
abell1689_lensperfect_massmap_2010.pdf,21,table,"LensPerfect Abell 1689 Analysis 21 Wyithe,J.S.B.,Turner,E.L.,&Spergel,D.N.2001,ApJ,555, Zitrin,A.,Broadhurst,T.,Barkana,R.,Rephaeli,Y.,&Benitez, 504[ADS] N.2010a,ArXive-prints[ADS] Zekser,K.C.,White,R.L.,Broadhurst,T.J.,Ben´ıtez,N.,Ford, Zitrin,A.,Broadhurst,T.,Rephaeli,Y.,&Sadeh,S.2009a,ApJ, H.C.,Illingworth,G.D.,Blakeslee,J.P.,Postman,M.,etal. 707,L102[ADS] 2006,ApJ,640,639[ADS] Zitrin,A.,Broadhurst,T.,Umetsu,K.,Coe,D.,Ben´ıtez,N., Zhao,D.H.,Jing,Y.P.,Mo,H.J.,&Bo¨rner,G.2003,ApJ,597, Ascaso,B.,Bradley,L.,Ford,H.,etal.2009b,MNRAS,396, L9[ADS] 1985[ADS] Zhao,H.1996,MNRAS,278,488[ADS] Zitrin,A.,Broadhurst,T.,Umetsu,K.,Rephaeli,Y.,Medezinski, E.,Bradley,L.,Jim´enez-Teja,Y.,Ben´ıtez,N.,etal.201"
abell1689_lensperfect_massmap_2010.pdf,22,table,22 Coe et al. TABLE 4 —Continued ID RA&DEC(J2000)a Surveyb zspec 140 13:11:29.984 -1:22:07.580 MOS* 0.1985 11 13:11:35.595 -1:20:12.400 Balogh* 0.1995 128 13:11:28.324 -1:18:45.180 MOS* 0.1999 395 13:11:33.234 -1:19:17.000 Frye 0.2000 139 13:11:29.974 -1:20:40.480 MOS* 0.2002 158 13:11:32.704 -1:19:32.080 MOS* 0.2009 143 13:11:30.044 -1:20:42.980 MOS* 0.2012 452 13:11:29.905 -1:20:05.430 Miekse 0.2014 157 13:11:32.654 -1:19:58.980 MOS* 0.2022 2 13:11:27.109 -1:20:58.420 Balogh* 0.2147 82 13:11:23.065 -1:21:17.280 Balogh* 0.2150 3 13:11:27.681 -1:21:07.190 Balogh* 0.2158 398 13:11:33.555 -1:19:01.500 Frye 0.2440 221 13:11:33.724 -1:19:39.180 MOS 0.3100 214 13:11:27.844 -1:18:52.980 MOS 0.3840
abell1689_lensperfect_massmap_2010.pdf,23,table,"LensPerfect Abell 1689 Analysis 23 TABLE 5 Multiple Images Produced by Abell 1689 IDa xb yb R.A. Decl. i(cid:48) 775 ID B05 (pixel) (pixel) (J2000.0) (J2000.0) (ABmag) zspec c Ref.d z b e χ2 mod f 1 a ” 2213 1055 131126.452 -11956.75 23.309±0.008 3.04 2,3 3.21+0.65 1.06 −0.41 b ” 2130 1040 131126.289 -12000.19 23.595±0.009 (3.04) ··· 3.88±0.48 1.08 c ” 1356 2557 131129.773 -12107.43 24.509±0.017 3.04 2,3 3.79±0.47 3.46 d ” 2499 3112 131133.066 -12027.47 24.033±0.011 (3.04) ··· 3.76±0.47 2.37 e ” 2745 2621 131131.932 -12005.91 24.638±0.018 (3.04) ··· 3.17+0.72 0.57 −0.41 f ” 1890 2333 131129.852 -12038.50 24.942±0.050 (3.04) ··· 0.51+2.66 2.22 −0.41 2 a ” 2245 1064 131126.524 -11955.49 23.238"
abell1689_lensperfect_massmap_2010.pdf,24,table,24 Coe et al. TABLE 5 —Continued IDa xb yb R.A. Decl. i(cid:48) 775 ID B05 (pixel) (pixel) (J2000.0) (J2000.0) (ABmag) zspec c Ref.d z b e χ2 mod f c ” 1209 1038 131124.979 -12041.84 24.451±0.017 2.6 4 2.69±0.36 7.18 18 a 18.2 2499 3112 131133.066 -12027.47 24.774±0.024 1.8 4 0.16+0.34 1.86 −0.11 b 18.1 2130 1040 131126.289 -12000.19 24.711±0.030 (1.8) ··· 0.60+2.30 4.06 −0.46 c ” 2029 2106 131129.364 -12027.39 25.437±0.050 (1.8) ··· 0.69+3.52 12.28 −0.21 19 a ” 2404 2682 131131.634 -12022.64 24.423±0.026 (2.6) ··· 0.20+2.43 4.43 −0.12 b ” 1637 924 131125.241 -12020.05 24.666±0.026 (2.6) ··· 0.20+3.17 0.75 −0.12 c ” 1780 3082 131131.958 -12059.38 23.472±0.011 (2.6) ··· 0.21+0.12 1.39 −0.14 d
abell1689_lensperfect_massmap_2010.pdf,25,table,LensPerfect Abell 1689 Analysis 25 TABLE 5 —Continued IDa xb yb R.A. Decl. i(cid:48) 775 ID B05 (pixel) (pixel) (J2000.0) (J2000.0) (ABmag) zspec c Ref.d z b e χ2 mod f b ··· 2060 3803 131134.531 -12102.01 25.308±0.042 ··· ··· 2.27+0.68 0.51 −2.11 45 a 25.1 2522 3069 131132.969 -12025.51 25.138±0.058 ··· ··· 3.70±0.46 1.23 b ··· 2769 3852 131135.682 -12030.95 26.066±0.041 ··· ··· 0.62±0.16 5.33 46 a ··· 1964 2900 131131.669 -12047.19 25.121±0.040 ··· ··· 0.76+2.37 135.43 −0.59 b ··· 1711 796 131124.959 -12013.98 25.674±0.053 ··· ··· 0.20+2.50 1.50 −0.12 48 a ··· 2144 2779 131131.558 -12036.47 25.215±0.047 ··· ··· 1.41+1.19 0.23 −1.27 b ··· 1660 868 131125.104 -12017.82 27.085±0.111 ··· ··· 2
abell1689_lensperfect_massmap_2010.pdf,26,"table, profile, radius","26 Coe et al. TABLE 7 Multiple Image Systems Number Knots Input Spectroscopic Input Output ID ofimages perimage order redshift Ref.a redshiftb redshiftc 1 6 1 1 3.04 2,3 3.04 3.04 2 5 1 2 2.53 3 2.54 2.54 3 3 1 23 ··· ··· 5.47±0.7 5.490 4 5 2 7 1.1 4 1.1 1.1 5 3 1 13 2.6 4 2.6 2.6 6 4 3 12 1.1 4 1.1 1.1 7 2 1 5 4.87 1 4.87 4.87 8 4 3 10 ··· ··· 1.8±0.5 2.224 9 4 1 4 ··· ··· 5.16±0.5 4.707 10 3 2 18 1.83 4 1.8 1.8 11 3 1 25 2.5 4 2.5 2.5 12 6 1 30 1.83 2,4 1.83 1.83 13 3 1 31 ··· ··· 1.02±0.5 1.532 14 2 1 32 3.4 4 3.4 3.4 15 3 1 19 1.8 4 (10) 1.8 16 3 3 14 ··· ··· 2.01±0.5 1.635 17 3 1 26 2.6 4 2.6 2.6 18 3 2 20 1.8 4 (10) 1.8 19 4 3 11 2.6 4 2.6 2.6 21 3 1 15 ··· ··· 1.78±0.5 1.065 22 3 1 16"
abell1689_lensperfect_massmap_2010.pdf,27,"profile, radius, mass profile, surface density, projected mass","LensPerfect Abell 1689 Analysis 27 Fig. 16.— Multiple images in Abell 1689. For each image, identified knots are labeled with numbers and crosses. Green lines are isophotal apertures, altered where necessary. Yellow boxes outlining the IDs indicate color image stamps that were produced from our galaxy-subtracted images. All other color stamps are taken from the STScI g(cid:48)r(cid:48)z(cid:48) color image. Coordinates in pixels are given along the axes. Eachpixelmeasures0(cid:48).(cid:48)05across. 2540 1100aa 2540 1100bb 2540 10c 2605 1166aa 1 2605 16b 1 2605 1166cc 1 2535 1 2535 1 2535 2600 2600 2600 2 2 5 5 3 2 0 5 3 2 0 2 2 5 5 3 2 0 5 2 0 2 2 5 5 3 2 0 5 0 2 2 5 5 9 9 0 5 3 0 4 2 2 5 5 "
abell1689_projected_potential_xray_2015.pdf,1,"profile, radial, x-ray, temperature, pressure","5102 naJ 31 ]OC.hp-ortsa[ 1v08030.1051:viXra Astronomy&Astrophysicsmanuscriptno.23242˙FINAL (cid:13)c ESO2018 September10,2018 Reconstructing the projected gravitational potential of Abell 1689 from X-ray measurements Ce´lineTchernin1,CharlesL.Majer2,3,SvenMeyer2,EleonoraSarli2,DominiqueEckert1,MatthiasBartelmann2 1AstronomicalObservatoryoftheUniversityofGeneva,ch.d’Ecogia16,1290Versoix,Switzerland, e-mail:Celine.Tchernin@unige.ch, 2Universita¨tHeidelberg,Zentrumfu¨rAstronomie,Institutfu¨rTheoretischeAstrophysik,Philosophenweg12,69120Heidelberg, 3Germany,DivisionofMedicalPhysicsinRadiology,GermanCancerResearchCenter(DKFZ),69120Heidelberg,Germany. Preprintonlineversion:September10,2018 ABSTRA"
abell1689_projected_potential_xray_2015.pdf,2,"profile, radius, x-ray, temperature, pressure","C.Tcherninetal.:GravitationalpotentialofAbell1689fromX-raymeasurements reliablereconstructionsofclusterpotentialscanbeexpectedon binedweak-lensingwithX-raydatafromtheChandrasatellite. allscales. ConsideringthecentralpartoftheclusterouttoR∼1000kpc/h, Anotheradvantageofthisjointanalysisis thatthe assump- theyfoundthatatradiilargerthanR∼200kpc/h,theX-rayand tionsmadeonthephysicalstateofthegascanbeverified.The lensingmassesareconsistent,whereastheyfoundadiscrepancy lensing potential can be recoveredwithout any equilibrium as- betweenthemassesatsmallerradii.Theseauthorsexplainedthis sumptions,while the gravitationalpotentialreconstructedfrom discrepancybya projectioneffect.Thisconclusionagreeswit"
abell1689_projected_potential_xray_2015.pdf,3,"profile, radial, radius, x-ray, temperature, pressure","C.Tcherninetal.:GravitationalpotentialofAbell1689fromX-raymeasurements 2. Assumptionsofthemethod in the 0.4−2 keV band. For the details of the analysis proce- dure,werefertoEckertetal.(2011). The general reconstruction formalism outlined in Konradetal. (2013)isbasedonthefollowingassumptions: In this section, we aim at comparingthe results of the R-L deprojectionmethodwiththoseobtainedwiththeO-Pmethod. – TheICMisinhydrostaticequilibrium, Forthispurpose,weextractedtheemissivity,thedensityprofile, and the temperature profile from the X-ray surface brightness ∇P=−ρ∇Φ, (1) usingbothmethods. where Φ denotes the Newtonian gravitational potential, whilePandρarethegaspressureanddensity. – Thegasfollo"
abell1689_projected_potential_xray_2015.pdf,4,"profile, radial, radius, x-ray, temperature, pressure",C.Tcherninetal.:GravitationalpotentialofAbell1689fromX-raymeasurements 1e-07 1e-08 1e-09 1e-10 1e-11 1e-12 1e-13 1e-14 1e-15 102 103 ]3-cpk 1-s stc[ ytivissime 0.1 O-P Method R-L method 0.01 0.001 0.0001 1e-05 102 103 R[kpc] Fig.1. Emissivity obtained by applying the R-L (this analysis) andtheO-Pmethods(Eckertetal.2012)totheROSATsurface- brightness profile. The reconstructed emissivity using the R-L method has been normalized to the O-P data points within a spherical shell delimited by the radii in the range [183; 2700] kpc. 3.1.2. Three-dimensionaldensityprofile The temperature of the cluster Abell 1689 lies between 2keV and 10keV (Kawaharadaetal. 2010). This means that the soft energyband[
abell1689_projected_potential_xray_2015.pdf,5,"table, profile, radius, shear, x-ray, temperature","C.Tcherninetal.:GravitationalpotentialofAbell1689fromX-raymeasurements 18 16 14 12 10 8 6 4 2 0 102 103 ]Vek[ erutarepmeT bodycanbetakenintoaccountbyasuitable(de)projectionker- nel in the R-L method. As the mixing between regions of dif- R-L method for γ=1.19 +/- 0.04 ferent projected radius is a consequence of the symmetries as- R-L method for γ=1.19 sumptionandnotofthedeprojectionprocedure,testingdifferent SZ effect + O-P Method clustersymmetriesshouldhelpusunderstandtheeffectofthese Suzaku mixingsontheresultingprofiles. XMM This feature of local deprojection is most relevant for our study since the information provided by gravitational lensing measurements that we use here is also local. "
abell1689_projected_potential_xray_2015.pdf,6,"profile, radial, radius, x-ray, temperature","C.Tcherninetal.:GravitationalpotentialofAbell1689fromX-raymeasurements 0.01 0.001 102 103 laitnetoP gnisneL lensingis flatter thanthe one reconstructedfromthe X-rayob- servations.Thisflatteningcanbeproducedbythelargeresolu- reconstructed for γ=1.19 +/- 0.04 tionlimitpresentintheweak-lensingmeasurements(∼100kpc, recovered from lensing see,e.g., Bartelmann2003,forareview),whichcansmooththe data so that the lensing potential recovered from weak-lensing measurementsappearsflatter than the potentialrecoveredfrom X-ray observations. This discrepancy is expected to vanish if morepotentialobservablesaretakenintoaccount.Forinstance, acombinedstrong-andweak-lensingreconstructionisexpected to yield a b"
abell1689_projected_potential_xray_2015.pdf,7,"profile, radial, radius, x-ray, temperature","C.Tcherninetal.:GravitationalpotentialofAbell1689fromX-raymeasurements thorscomputedthebiasesintheobservablesobtainedbyapply- withtheprofilesfromRichardson-Lucydeprojection.Figures1- ingasphericalO-Pdeprojectionmethodonclusterswithsignif- 3showthebremsstrahlungemissivity,electrondensity,andtem- icanttriaxiality.Theyconcludedthatsphericalaveragingbiases perature profiles obtained using the two deprojection methods. theobservablesbyasmallfactor(<1%)withrespecttoatriax- Allprofilesareconsistentwithintheerrorbars. ialdeprojection. Figure 4 shows the projected gravitational potential recon- Therefore,thenonsphericityoftheclustercouldexplainthe structed from X-ray data following the procedure desc"
abell1689_projected_potential_xray_2015.pdf,8,x-ray,"C.Tcherninetal.:GravitationalpotentialofAbell1689fromX-raymeasurements Lau,E.T.,Kravtsov,A.V.,&Nagai,D.2009,ApJ,705,1129 Lee,J.,&Suto,Y.2003,ApJ,585,151 Lee,J.,&Suto,Y.2004,ApJ,601,599 Łokas,E.L.,Prada,F.,Wojtak,R.,Moles,M.,&Gottlo¨ber,S.2006,MNRAS, 366,L26 Lucy,L.B.1974,AJ,79,745 Lucy,L.B.1994,A&A,289,983 Mahdavi,A.,Hoekstra,H.,Babul,A.,etal.2013,ApJ,767,116 Majer, C. L., Meyer, S., Konrad, S., Sarli, E., & Bartelmann, M. 2013, arXiv:1304.6522 McLaughlin,D.E.1999,AJ,117,2398 Merten,J.,Cacciato,M.,Meneghetti,M.,Mignone,C.,&Bartelmann,M.2009, A&A,500,681 Miralda-Escude,J.,&Babul,A.1995,ApJ,449,18 Morandi,A.,Limousin,M.,Rephaeli,Y.,etal.2011,MNRAS,416,2567 Nagai,D.,&Lau,E.T.2011,ApJ,731,L10 Na"
abell1689_strong_weak_lensing_halkola_2006.pdf,1,"profile, radius, shear, x-ray, weak lensing, strong lensing","6002 yaM 91 1v0745060/hp-ortsa:viXra Mon.Not.R.Astron.Soc.000,1–43(????) Printed15October2018 (MNLATEXstylefilev2.2) Parametric Strong Gravitational Lensing Analysis of Abell 1689 A. Halkola1⋆, S. Seitz1 and M. Pannella2 1Universita¨ts-SternwarteMu¨nchen,Scheinerstraße1,D-81679Mu¨nchen,Germany 2Max-Planck-Institutfu¨rextraterrestrischePhysik,Giessenbachstraße,Postfach1312,D-85741Garching,Germany Accepted????.Received????;inoriginalform???? ABSTRACT WemeasurethemassdistributionofgalaxyclusterAbell1689within0.3Mpc/h ofthe 70 cluster centre using its strong lensing effect on 32 backgroundgalaxies, which are mapped in altogether 107 multiple images. The multiple images are based on those of Broa"
abell1689_strong_weak_lensing_halkola_2006.pdf,2,"profile, radial, radius, mass profile, shear, x-ray, temperature, weak lensing, strong lensing","2 A. Halkola,S.Seitzand M. Pannella Dye et al. 2001). The first line-of-sight velocity measurements Broadhurst etal.(2005b) alsocarriedoutacombinedstrong of cluster members (Teague et al. 1990) had resulted in a veloc- andweaklensinganalysis.Theyruleoutasoftenedisothermalpro- ity dispersion of σ 2355 km/s, compared to a value of only fileata10-σlevel.Accordingtotheirwork,auniversaldarkmatter ≈ σ 1028 km/s for an isothermal fit to weak lensing measure- profile(NFW)withaconcentrationofC =13.7+1.4 andavirialra- ≈ 1.1 ments by, for example, King et al. (2002). Therefore the isother- diusofr =2.04 0.07Mpc/h fitstheshear−andmagnification vir ± 100 malspherevelocitydispersionestimatesoftheclusterfr"
abell1689_strong_weak_lensing_halkola_2006.pdf,3,"table, profile","ParametricStrongGravitationalLensing Analysisof Abell1689 3 Diego et al. (2005a,b)), can give clues to the existence of dark Table1.Asummaryofthedatausedinthisstudy. matter substructure not traced by galaxies (dark mini haloes) if these dark haloes are numerous/massive enough to influence the Filter t(ks) #ofexposures psf( ′′ ) lensing observables on a relevant level. The difference can also F555W(WFPC2) 44.2 17 0.17 resultfromthedetailsofaparticularmodelling,e.g.thetreatment F814W(WFPC2) 5.0 5 0.20 of the cluster galaxy component and in the dark matter profiles F475W(ACS) 9.5 8 0.11 F625W(ACS) 9.5 8 0.10 usedinmodellingthesmoothDMofthecluster. F775W(ACS) 9.5 8 0.10 F850LP(ACS) 16.6 14 0.11 "
abell1689_strong_weak_lensing_halkola_2006.pdf,4,"profile, radius","4 A. Halkola,S.Seitzand M. Pannella tometric redshifts are used to constrain redshifts of the multiple images. For these the low redshift peak can be excluded because gravitationallensingisinefficientifthebackgroundsourceisclose tothelens. 3 LENSINGMODELS InthissectionwedescribehowthelensingmodelsofA1689were constructed;thedifferentmasscomponentsofthecluster,themul- tipleimagesystemsandtheoptimisationofmodelparameters.The lensingprofilesaredescribedindetailinappendixA. 3.1 ClusterGalaxyComponent Thecluster galaxies wereselected usingthe redsequence method supportedbyspectroscopicredshiftswhereavailable.Thespectro- scopic data are taken from Girardi et al. (1997) (using data from Teagueetal.("
abell1689_strong_weak_lensing_halkola_2006.pdf,5,"table, profile, radius","ParametricStrongGravitationalLensing Analysisof Abell1689 5 environmentwillbetreatedinmoredetailinaforthcomingpubli- cation(Halkolaetal.,2006inpreparation). Thepositions,ellipticities(ofsurfacebrightness)andposition anglesweretakenfromSExtractoroutputparameters.Thevelocity dispersions of cluster galaxies were determined mostly using the FundamentalPlane.ForasmallnumberofgalaxiesalsotheFaber- Jacksonrelationwasused. 3.1.1 CentralVelocityDispersionsofClusterGalaxies&Halo VelocityDispersions The Fundamental Plane (hereafter FP) links together, in a tight way,kinematic(velocitydispersion),photometric(effectivesurface brightness) and morphological (half light radius) galaxy proper- ties(Dresslere"
abell1689_strong_weak_lensing_halkola_2006.pdf,6,"table, profile, radius, convergence, shear, x-ray","6 A. Halkola,S.Seitzand M. Pannella TheEinstein-radiusofanisothermalspherecanthenbewrit- tenasθ = 1.4 (σ/220km/s)2 D,whereDisageometricalfactor E ′′ oforderunitydependingonredshiftsoftheobjectsandcosmology (0.78<D<0.92for1<z <6andouradoptedcosmology).Clus- s termemberswithσ>24km/swereincludedinthegalaxycompo- nentofthecluster.Thislimitissomewhatarbitraryandbelowthe luminositylimitwhereFPandFJaredetermined.AnEinsteinra- diussmallerthanthepixelsizeoftheACSensuresthatallgalaxies whichcouldsignificantlyaffectimagemorphologieslocallyarein- cludedwhenexternalshearandconvergencefromtheothercluster galaxiesandtheclusterhaloarepresent. 3.1.2 EllipticitiesofClusterGalaxiesandTheirHaloes Blandford&Koch"
abell1689_strong_weak_lensing_halkola_2006.pdf,7,"profile, radius, x-ray",ParametricStrongGravitationalLensing Analysisof Abell1689 7 dispersionσandcoreradiusr andfortheNFWprofilevirialra- c diusr andconcentrationparameterC. 200 Forallthefollowingmodellingwehaveconstrainedthefirst halotoresidewithin50”inxandyfromthecDgalaxyinorderto reducethevolumeoftheparameterspaceandtoreducethedegen- eracybetweentheparametersofthetwohaloes.Wedonotwantto tightlyconnectthehalowithanyofthegalaxiesbutusetheposition ofthecDasafirstguessforthepositionoftheclustercentre.Thisis supportedbyX-raymapsofAbell1689(Xue&Wu2002;Ander- sson&Madejski2004)aswellasweaklensingstudies(Kingetal. 2002)whichplacethecentreofthemassdistributionverynearthe cDgalaxy.Thepositionofthesecondhalowasinitiallyse
abell1689_strong_weak_lensing_halkola_2006.pdf,8,table,"8 A. Halkola,S.Seitzand M. Pannella Figure9.Acomparisonofphotometricredshiftsofmultipleimagesfrom this work to those from Broadhurst et al. (2005a). The correspondence isvery goodandforall objects within the errors. Theoneobject witha zphot 1fromBroadhurstetal.(2005a)andzphot 3.4fromthisworkhas ∼ ∼ aspectroscopicredshiftofzspec =3.04. basedonthelensingmodelsmostlyexpectedtolienear agalaxy makingtheiridentificationverydifficult. InFigure8weshowallthemultipleimagesusedinthisstudy. Moredetails,suchaspositionsandredshifts,oftheimagesystems, arcsandimagescanbefoundinAppendixCTablesC1andC2as wellasBroadhurstetal.(2005a). Acomparison betweenphotometricredshiftsfromthiswork and those of Broadhurst e"
abell1689_strong_weak_lensing_halkola_2006.pdf,10,"profile, radial, radius, mass profile","10 A. Halkola,S. Seitzand M.Pannella if a given surface mass density satisfies image constraints then a newsurfacemassdensitycanbefound,bysuitablyrescalingthis surfacemassdensityandbyadding aconstant masssheet, which satisfiesimagepositionsaswellasrelativemagnificationsequally well. For haloes with variable mass profile this can also create a degeneracy between the parameters of the profile. For the NSIE modelahighcoreradiuscanbecompensatedforbyalargerveloc- itydispersionandforNFWahigherscaleradiusdemandsalower concentrationparameter. Thesedegeneraciescanbebrokenifmultipleimagesystemsat differentredshiftsandatdifferentradiicanbefound.Positionofa radialcriticalline,andsoradialarcs,dependscrit"
abell1689_strong_weak_lensing_halkola_2006.pdf,11,"table, profile, radius, strong lensing",ParametricStrongGravitationalLensing Analysisof Abell1689 11 image in an image system and the image position obtained with ponent described by an ENFW profile. The differences in the fit themodelsaregivenforeachimagesystemintableC1intheAp- qualitybetweenthemodelsandsmoothdarkmatterprofilesused pendix. aregenerallysmallascanbeseenfromTable4.2.1althoughboth Additional information of the fit quality can be seen in ap- ModelsperformbetterwhenthesmoothDMismodelledwithan pendixDwhereweshowimagestampsofallmultipleimages.In ENFWprofile.Thefitqualityis 0.5”betterthanthatachievedby addition to the multiple images we also show two model repro- Broadhurst etal.(2005a) intheiranalysisofthecluster.Thiscan
abell1689_strong_weak_lensing_halkola_2006.pdf,12,profile,"12 A. Halkola,S. Seitzand M.Pannella Figure12.SurfacemassdensitycontoursforNSIE(dotted)andENFW(dashed)profilesforModelI.ForeachsmoothDMprofileweplotthemeanκofthe intotal4000clusterrealisationsusedinderivingthebestfitparametersanderrors.Thecontoursaredrawnatκ=0.25,0.50,1.00and2.00levelsforasource atredshiftof1.0.Thethincontourlinesareforκ<1andthicklinesforκ>1.Thesecondarymassconcentrationontheupperrightcanalsobeseenclearlyin thesurfacemassdensitycontours. cluster were found by minimising χ2 in the source plane due to The optimal parameters of the generated clusters have a thelargenumberofminimisationsrequired.However,inallsubse- spread around the best fit parameters determined for the ’real’ "
abell1689_strong_weak_lensing_halkola_2006.pdf,13,profile,ParametricStrongGravitationalLensing Analysisof Abell1689 13 Figure13.ThecriticalcurvesobtainedwithModelsIandIIforthetwosmoothDMprofiles.ForeachsmoothDMprofileweplotthecriticalcurvesofthe averageclusteroftheclusterrealisationsusedinderivingthebestfitparametersanderrors.ThedottedcontoursarefortheNSIEandthedashedcontoursare fortheENFWprofile.Thethincontoursaredrawnforasourceredshiftof1andthethickcontoursforasourceredshiftof5. theregionsinwhich68%and95%oftheweightedrealisationslie. icantlybetter.ForthisreasonwehavealsofittedsingleNFWand NSIShaloestothetotalmassobtainedfromModelsIandII. Weestimatethetotalmassprofileoftheclusterbycombining 4.3 ModelIII:ParametersfortheTotalMassProfile allmassprof
abell1689_strong_weak_lensing_halkola_2006.pdf,14,"table, profile, shear","14 A. Halkola,S. Seitzand M.Pannella Table2.BestfithaloparametersofthesmoothdarkmattercomponentsforModelsIandII.Thermserrorquotedforeachmodelandhalotypeistherms distancebetweenthemeasuredimagepositionsandthosepredictedbythemodelsexpectforimagesystemswherethecalculationsofanimageplaneχ2was notpossible(8,12,14,15,30,31and32)forwhichwehaveusedthesourceplaneχ2definedinequation6.Thevaluesgivenareforthebestfittinghalo optimisedintheimageplane.Thevaluesinbracketsrefertothemeanvaluesobtainedfromthesimulations(optimisedinthesourceplane),theerrorsinthe haloparametersarederivedfromthespreadofthevaluesinthesimulations.Fordetailsofthemodelsanderrorderivationseetextbody. ModelI ModelII NSIE rmserror3.17” "
abell1689_strong_weak_lensing_halkola_2006.pdf,15,"profile, radial, radius, mass profile, x-ray, strong lensing","ParametricStrongGravitationalLensing Analysisof Abell1689 15 Figure14.Acomparisonbetweenχ2(imageplaneχ2)andχ2(sourceplane χ2)for 3000 different model configurations. Theimportant property of χ2(χ2)f ∼ ortheminimisation isthatitisamonotonically iencreasing func- tionmakingχ2areliabletracerforχ2whenusedinfindingoptimalmodel paraemetersintheerroranalysis. e qualitiesandbycombiningthemweallowagreaterfreedominthe totalmassprofile. InFigure17weshowagaintheenvelopeofthetotalmasses Figure 15. Estimates of the profile parameter uncertainties for the main encompassedbythebest68.3%fitsofallthemodelgalaxiesfrom haloofthesmoothDMcomponent(NSIEtop,NFWbottom).Inbothpan- theerroranalysisinstripedgrey.Forcom"
abell1689_strong_weak_lensing_halkola_2006.pdf,16,"profile, radial, radius, shear, projected mass, weak lensing, strong lensing","16 A. Halkola,S. Seitzand M.Pannella Figure16.1-σconfidenceregionsofprojectedmassM(<r)insideradiusr Figure18.Radial profileofthetotal massfromthis work(circles). The fortwomasscomponentsandtotalmass.Themassassociatedwithgalaxies linesshowthebestfittingNSIS(solidline)andNFW(dashedline)profiles isshownasasolidgrey,thesmoothdarkmatterasastripedgreyandthe toasimultaneousfitoftheshearinFigure19andthemassinthisFigure. totalmassasasolidblackregion.Thelargeuncertaintyinthegalaxycom- ponentiswellbalancedbythesmoothdarkmattercomponenttoproducea tightM(<r)profileforthetotalmass. 4.4 ModelIV:CombiningInformationfromStrongand WeakLensing Inthissubsectionweincludethenewweaklensingsheardatafrom Broadhurste"
abell1689_strong_weak_lensing_halkola_2006.pdf,17,"table, profile, radial, radius, shear, x-ray, temperature, weak lensing","ParametricStrongGravitationalLensing Analysisof Abell1689 17 Figure 19. Radial profile of the tangential shear from Broadhurst et al. Figure 20. 68.3%, 95.4% and 99.7% confidence contours for the NFW (2005b)(circles).ThelinesshowthebestfittingNSIS(solidline)andNFW parameters C-r200 for afit toreduced shear (data from Broadhurst et al. (dashedline)profilestoasimultaneousfitoftheshearinthisfigureandthe (2005b))only(dottedcontours)andmass(datafromthiswork)only(solid massinFigure18. blackcontours).Thedottedbluecontoursshowtheconfidenceregionsfrom shearwhenthelasttwodatapointsareexcluded.Thecombinedfittoboth reducedshearandmasssimultaneously isχ2/dof 31.9/20(shownin ∼ measurementstoconstrainthece"
abell1689_strong_weak_lensing_halkola_2006.pdf,18,"table, profile, radius, shear, x-ray","18 A. Halkola,S. Seitzand M.Pannella Table5. Comparison between bestfitparametric massmodels fromdif- ferentmethodsforAbell1689.Andersson&Madejski(2004)isanX-ray, Kingetal.(2002)aweaklensingandGirardietal.(1997)alineofsight velocity study of the cluster. The background galaxy catalogue used by Kingetal.(2002)suffersfromcontaminationfromgalaxiesatlowredshifts wherelensingisinefficient(discussedinmoredetailinClowe&Schneider (2001))whichreducethetotalmeasuredmassoftheclusterandhencethe measuredvelocitydispersion. NFWParameters Method C r200(Mpc) Reference SL 6.0 0.5 2.82 0.11 thiswork SL 6.5 ±+1.9 2. ± 02 Broadhurstetal.2005a 1.6 X-ray 7.7−+1.7 1.87 0.36 Andersson&Madejski2004 2.6 ± WL 4.−8 1.8"
abell1689_strong_weak_lensing_halkola_2006.pdf,19,"profile, radius, mass profile, shear, x-ray, weak lensing",ParametricStrongGravitationalLensing Analysisof Abell1689 19 highermassesandonly1-2σdiscrepancybetweenweakand(our) stronglensingmodels. Hoekstra(2003)investigatetheeffectofdistant(alongline-of- sight)largescalestructureontheerrorsofderivedM andcon- 200 centrationofanNFWhalo.Theyconcludethattheerrorscouldbe underestimatedbyafactor 2. ∼ 5 CONCLUSION We have identified 15 images systems in deep ACS images of galaxy cluster Abell 1689. Two of these are not in the 30 image systems identified by Broadhurst et al. (2005a). By excluding one of their image systems and splitting another in two we have constructed a new catalogue with 107 multiple images. These from 31 image systems and we have additio
abell1689_strong_weak_lensing_halkola_2006.pdf,20,"profile, projected mass, strong lensing","20 A. Halkola,S. Seitzand M.Pannella profilefittoweaklensingdataisincompatiblewithboththestrong FaberS.M.,JacksonR.E.,1976,ApJ,204,668 lensing results presented here and in Broadhurst et al. (2005a). FritzA.,ZieglerB.L.,BowerR.G.,SmailI.,DaviesR.L.,2005, The discrepancy between halo parameters is present at <2-sigma MNRAS,358,233 levelinthecaseofanisothermalspheredarkmatterhalo.Wedo Go¨sslC.A.,RiffeserA.,2002,A&A,381,1095 not find support for the strong rejection of a softened isothermal GirardiM.,FaddaD.,EscaleraE.,GiuricinG.,MardirossianF., spherebyBroadhurstetal.(2005b)basedonthecombinedstrong MezzettiM.,1997,ApJ,490,56 andweaklensingmassprofile. Golse G., 2002, Ph.D. thesis, Laboratoire "
abell1689_strong_weak_lensing_halkola_2006.pdf,21,"profile, radius, shear","ParametricStrongGravitationalLensing Analysisof Abell1689 21 APPENDIXA: GRAVITATIONALLENSINGBYNSIE, A2 UniversalDarkMatterProfile NFWANDBBSPROFILES Theuniversaldarkmatterprofileisananalyticfittoresultsofnu- A1 IsothermalSphere/Ellipsoid merical N-body simulations of galactic haloes by Navarro et al. (1996).Thesesimulationsshowedthatdensityprofilesofgalactic Amodeloftenusedingravitationallensingforgalaxiesandclusters haloesofverydifferentsizes(twodecadesinradius)couldbefitted ofgalaxiesisasingularisothermalsphere(SIS)(e.g.Gott&Gunn withasingle’universal’profile.Atsmallradii(r<r orx=r/r <1) s s 1974; Turner et al. 1984). SIS naturally reproduces the observed theNFW-profileisflatterthanisotherm"
abell1689_strong_weak_lensing_halkola_2006.pdf,22,"profile, shear","22 A. Halkola,S. Seitzand M.Pannella ThedeflectionangleofaBBSprofileis 4πσ2D αBBS(x)= ds 1+x √1 x2 (A11) D c2x − − s (cid:20) (cid:21) withx=r/s. The ellipticity is included in the deflection angle in exactly thesamewayaswasdonefortheENFWhalo.Thesurfacemass density and shear were also calculated from elliptical deflection anglesbynumericaldifferentiation. c ????RAS,MNRAS000,1–43 (cid:13)"
abell1689_strong_weak_lensing_halkola_2006.pdf,24,"table, profile, radius","24 A. Halkola,S. Seitzand M.Pannella TableB1.TableofgalaxypropertiesfromfittingclustergalaxieswithaSersicprofile.Theparametersofthe80mostmassivegalaxiesaretabulated. GalaxyID RA Dec mAB 1 nser Re 2(kpc) 1 − b/a PA( ◦ ) σest 3(km/s) 1 +13:11:25.53 -1:20:37.09 17.13 0.15 3.1 0.3 8.1 0.5 0.37 0.02 10 1 178 (224/141) ± ± ± ± ± 2 +13:11:25.28 -1:19:31.12 19.09 0.10 6.0 0.1 2.2 0.1 0.06 0.01 70 3 108 (136/86) ± ± ± ± ± 3 +13:11:28.19 -1:18:43.80 18.75 0.14 2.6 0.1 2.5 0.1 0.57 0.03 32 1 115 (144/91) ± ± ± ± ± 4 +13:11:26.09 -1:19:51.99 18.39 0.13 3.9 0.2 2.5 0.1 0.23 0.01 79 1 144 (181/114) ± ± ± ± ± 5 +13:11:26.67 -1:19:03.88 19.64 0.14 3.2 0.1 1.8 0.1 0.38 0.01 79 1 80 (100/63) ± ± ± ± ± 6 +13:1"
abell1689_strong_weak_lensing_halkola_2006.pdf,25,"table, profile, radius",ParametricStrongGravitationalLensing Analysisof Abell1689 25 TableB1.* Tableofgalaxypropertiescontinued... GalaxyID RA Dec mAB 1 nser Re 2(kpc) 1 − b/a PA( ◦ ) σest 3(km/s) 51 +13:11:30.56 -1:20:34.81 18.97 0.02 3.5 0.1 1.4 0.1 0.35 0.01 70 6 124 (153/100) ± ± ± ± ± 52 +13:11:30.56 -1:20:45.35 18.13 0.01 4.3 0.1 2.0 0.1 0.12 0.02 92 3 173 (213/135) ± ± ± ± ± 53 +13:11:29.49 -1:21:05.48 19.82 0.01 3.0 0.1 0.8 0.1 0.24 0.01 179 1 77 (98/62) ± ± ± ± ± 54 +13:11:29.26 -1:21:37.37 18.77 0.09 3.1 0.1 1.9 0.1 0.53 0.03 118 1 131 (165/104) ± ± ± ± ± 55 +13:11:29.30 -1:21:55.18 18.45 0.01 4.1 0.1 3.1 0.1 0.28 0.01 144 1 146 (184/116) ± ± ± ± ± 56 +13:11:33.36 -1:19:16.81 20.81 0.02 2.7 0.1 0.5 0.1 0.
abell1689_strong_weak_lensing_halkola_2006.pdf,27,"table, profile","ParametricStrongGravitationalLensing Analysisof Abell1689 27 TableC1.Asummaryofimagesystemsusedinthisstudy.ForthecolumnswithredshiftsandrmsfromlensingthevaluesaremeanvaluesfromModelsIand IIoptimisedintheimageplane,inbracketsthemeanofsimulations(optimisedinthesourceplane)isgiven. Image No.of system images z1 sys zmin-zmax 2 z3 s z6 nsie z7 enfw rms8 nsie rms9 enfw 1 7 3.04 3.04 3.044,5 3.04 (3.04) 3.04 (3.04) 1.72 2.54 2 5 2.46 1.88-3.03 - 2.27 (2.28) 2.12 (2.23) 1.59 2.04 3 3 5.46 5.09-5.98 - 5.74 (5.88) 5.88 (5.92) 0.70 1.01 4 5 1.21 0.98-1.43 - 1.07 (1.06) 1.29 (1.29) 1.64 1.80 5 3 2.87 2.34-3.39 - 2.35 (2.37) 2.52 (2.56) 1.31 2.48 6 4 1.08 0.77-1.39 - 0.98 (0.97) 1.36 (1.33) 0.77 1.24 7 3"
abell1689_strong_weak_lensing_halkola_2006.pdf,28,table,"28 A. Halkola,S. Seitzand M.Pannella TableC2.Imagesusedinthisstudy. ID IDB05 RA Dec z1 z2 z3 p br s 1 a 1.1 +13:11:26.60 -1:19:56.73 - 3.03+0.53 3.044,5 0.53 b 1.2 +13:11:26.43 -1:20:00.29 3.41 0.22 3.04−+0.53 - c 1.3 +13:11:29.92 -1:21:07.49 3.40 ± 0.30 3.27−+ 0 0 . . 5 5 3 6 - d 1.4 +13:11:33.21 -1:20:27.42 3.34 ± 0.20 2.94−+ 0 0 . . 5 5 6 2 3.05 e 1.5 +13:11:32.08 -1:20:06.01 3.48 ± 0.11 3.35−+ 0 0 . . 5 5 2 7 - f 1.6 +13:11:30.00 -1:20:38.43 3.32 ± 1.26 1.06−+ 0 0 . . 5 2 7 7 - g - +13:11:26.58 -1:19:57.35 ± - -− 1.91 - 2 a 2.1 +13:11:26.67 -1:19:55.47 3.02 1.94 2.62+0.48 - b 2.2 +13:11:33.11 -1:20:25.51 2.92 ± 0.73 2.57−+ 0 0 . . 4 4 7 7 - c 2.3 +13:11:32.12 -1:20:07.17 2.90 ± 0.63 2.64"
abell1689_strong_weak_lensing_halkola_2006.pdf,29,table,"ParametricStrongGravitationalLensing Analysisof Abell1689 29 TableC2....continued... ID IDB05 RA Dec z1 z2 z3 p br s 13 a - +13:11:33.42 -1:20:44.40 2.40 0.66 - - ± b - +13:11:26.65 -1:20:22.12 0.52 1.27 - - c 12.1 +13:11:30.50 -1:19:51.45 ± - 1.87+0.38 1.824,5 0.38 d 12.4 +13:11:29.11 -1:21:10.31 1.98 0.51 1.92−+0.38 - 14 a 13.1 +13:11:32.97 -1:19:24.39 ± - 1.02−+ 0 0 . . 3 2 8 7 - 0.28 b 13.2 +13:11:33.13 -1:19:25.85 - 0.72−+0.23 - 0.23 c 13.3 +13:11:33.54 -1:19:31.15 1.36 0.18 1.10−+0.28 - 15 a 14.1 +13:11:29.18 -1:21:41.82 3.50 ± 0.35 3.37+−0 0 . . 8 2 2 8 - b 14.2 +13:11:29.60 -1:21:42.65 ± - 3.64−+ 0 0 . . 5 6 7 1 - 0.61 16 a 15.1 +13:11:28.22 -1:20:15.21 - 1.99−+0.39 - 0.39 b 15.2 +13"
abell1689_strong_weak_lensing_halkola_2006.pdf,30,table,"30 A. Halkola,S. Seitzand M.Pannella TableC2....continued ID IDB05 RA Dec z1 z2 z3 p br s 26 a 26.1 +13:11:25.30 -1:20:32.78 1.42 0.75 1.08+0.27 - b 26.2 +13:11:31.47 -1:20:25.26 ± - 1.04+−0 0 . . 2 3 7 9 - 0.27 c 26.3 +13:11:30.39 -1:20:32.61 - 0.77−+0.23 - 2.53 27 a 27.1 +13:11:25.32 -1:20:33.13 1.42 0.75 1.81−+0.37 - b 27.2 +13:11:31.51 -1:20:24.66 ± - 1.58+−0 0 . . 3 3 4 7 - 0.48 c 27.3 +13:11:30.34 -1:20:32.92 - 4.55−+0.73 - 1.63 28 a 28.1 +13:11:28.45 -1:20:10.93 - 1.17−+0.29 - 4.29 b 28.2 +13:11:34.41 -1:21:00.02 - 2.00+−1.23 - 0.43 29 a 29.1 +13:11:29.37 -1:20:57.93 - 2.47−+0.46 - 0.57 b 29.2 +13:11:30.18 -1:19:34.23 - 3.40+−0.58 - 0.58 c 29.3 +13:11:32.29 -1:19:52.58 - 2.50−+0.46 - "
abell1689_strong_weak_lensing_halkola_2006.pdf,32,table,"32 A. Halkola,S. Seitzand M.Pannella TableD1.Imagesystem1: A1689 NSIE ENFW TableD2.Imagesystem2: A1689 NSIE ENFW TableD3.Imagesystem3: A1689 NSIE ENFW c ????RAS,MNRAS000,1–43 (cid:13)"
abell1689_strong_weak_lensing_halkola_2006.pdf,33,table,"ParametricStrongGravitationalLensing Analysisof Abell1689 33 TableD4.Imagesystem4: A1689 NSIE ENFW TableD5.Imagesystem5: A1689 NSIE ENFW TableD6.Imagesystem6: A1689 NSIE ENFW c ????RAS,MNRAS000,1–43 (cid:13)"
abell1689_strong_weak_lensing_halkola_2006.pdf,34,table,"34 A. Halkola,S. Seitzand M.Pannella TableD7.Imagesystem7: A1689 NSIE ENFW TableD8.Imagesystem8: A1689 NSIE ENFW TableD9.Imagesystem9: A1689 NSIE ENFW c ????RAS,MNRAS000,1–43 (cid:13)"
abell1689_strong_weak_lensing_halkola_2006.pdf,35,table,"ParametricStrongGravitationalLensing Analysisof Abell1689 35 TableD10.Imagesystem10: A1689 NSIE ENFW TableD11.Imagesystem11: A1689 NSIE ENFW TableD12.Imagesystem12: A1689 NSIE ENFW c ????RAS,MNRAS000,1–43 (cid:13)"
abell1689_strong_weak_lensing_halkola_2006.pdf,36,table,"36 A. Halkola,S. Seitzand M.Pannella TableD13.Imagesystem13: A1689 NSIE ENFW TableD14.Imagesystem14: A1689 NSIE ENFW TableD15.Imagesystem15: A1689 NSIE ENFW c ????RAS,MNRAS000,1–43 (cid:13)"
abell1689_strong_weak_lensing_halkola_2006.pdf,37,table,"ParametricStrongGravitationalLensing Analysisof Abell1689 37 TableD16.Imagesystem16: A1689 NSIE ENFW TableD17.Imagesystem17: A1689 NSIE ENFW TableD18.Imagesystem18: A1689 NSIE ENFW c ????RAS,MNRAS000,1–43 (cid:13)"
abell1689_strong_weak_lensing_halkola_2006.pdf,38,table,"38 A. Halkola,S. Seitzand M.Pannella TableD19.Imagesystem19: A1689 NSIE ENFW TableD20.Imagesystem20: A1689 NSIE ENFW TableD21.Imagesystem21: A1689 NSIE ENFW c ????RAS,MNRAS000,1–43 (cid:13)"
abell1689_strong_weak_lensing_halkola_2006.pdf,39,table,"ParametricStrongGravitationalLensing Analysisof Abell1689 39 TableD22.Imagesystem22: A1689 NSIE ENFW TableD23.Imagesystem23: A1689 NSIE ENFW TableD24.Imagesystem24: A1689 NSIE ENFW c ????RAS,MNRAS000,1–43 (cid:13)"
abell1689_strong_weak_lensing_halkola_2006.pdf,40,table,"40 A. Halkola,S. Seitzand M.Pannella TableD25.Imagesystem25: A1689 NSIE ENFW TableD26.Imagesystem26: A1689 NSIE ENFW TableD27.Imagesystem27: A1689 NSIE ENFW c ????RAS,MNRAS000,1–43 (cid:13)"
abell1689_strong_weak_lensing_halkola_2006.pdf,41,table,"ParametricStrongGravitationalLensing Analysisof Abell1689 41 TableD28.Imagesystem28: A1689 NSIE ENFW TableD29.Imagesystem29: A1689 NSIE ENFW TableD30.Imagesystem30: A1689 NSIE ENFW c ????RAS,MNRAS000,1–43 (cid:13)"
abell1689_strong_weak_lensing_halkola_2006.pdf,42,table,"42 A. Halkola,S. Seitzand M.Pannella TableD31.Imagesystem31: A1689 NSIE ENFW c ????RAS,MNRAS000,1–43 (cid:13)"
