mode,expected_valid,omega_similarity,geometry_similarity,omega_certified,genesis_pin_pass,B_like_rms,source_alignment,flow_alignment,residual_certified,source_alignment_certified,flow_alignment_certified,closure_certified,full_certified,omega_margin,genesis_margin,closure_margin,dimensionless_margin,registry_matches,root_matches,quorum_valid,append_valid,circular_bootstrap_detected
valid_label_transported,True,0.9999979255486913,0.9998862069406222,True,True,0.3980622858539671,-0.11554015059632657,0.9141796962426596,True,True,True,True,True,0.9998617032460846,1.0,0.0029899164032987807,0.6676172065497945,True,True,True,True,False
valid_noisy_holdout,True,0.9999961678641272,0.9997862942377981,True,True,0.39858791227035395,-0.11591925061236624,0.8519968657001509,True,True,False,False,False,0.9997445242751434,1.0,-0.056541461114249854,0.6477343543869646,True,True,True,True,False
raw_c_only_shift,False,0.9912721934729148,0.9616122022153984,True,False,0.4471883916093315,-0.24991870225152085,0.884423272168418,False,False,False,False,False,0.4181462315276567,-1.0,-1.0726436646496995,-0.5514991443740143,False,False,False,True,True
retained_order_shuffle,False,0.937477149175119,-0.7944727987242977,False,True,0.35949581122712826,-0.10721802845568668,0.897834716077986,True,True,False,False,False,-3.1681900549920603,1.0,-0.0057829277987090375,-0.7246576609302564,True,True,True,True,False
source_event_shuffle,False,0.967306848089627,0.9984226744103277,False,True,0.3697690987817185,-0.054690550126265364,0.02105189782283127,True,True,False,False,False,-1.1795434606915334,1.0,-0.9766881845691705,-0.38541054842023464,True,True,True,True,False
valid_prefix_invalid_suffix,False,0.997902650500972,0.9965297904100664,True,False,0.3210255921267478,-0.030759057810350314,0.7232456052886006,True,True,False,False,False,0.8601767000648031,-1.0,-0.1991141403989147,-0.11297914677803722,True,True,True,False,False
geometry_matched_counterfeit,False,0.9766983575903964,0.9983328610541833,False,False,0.29745968229154884,0.1668677232072988,-0.39251614027788334,True,True,False,False,False,-0.553442827306908,-1.0,-1.4346526586259356,-0.9960318286442812,False,False,False,True,True
genesis_valid_source_shuffled,False,0.9610892375061438,0.9984226744103277,False,True,0.34601305597934373,-0.01896397154519846,-0.5806071652309475,True,True,False,False,False,-1.5940508329237422,1.0,-1.6429352128412371,-0.7456620152549931,True,True,True,True,False
closure_matched_counterfeit,False,0.9999894996436763,0.9983610827611757,True,False,0.3649494600142616,-0.10307922297207366,0.9794571771011878,True,True,True,True,False,0.9992999762450893,-1.0,0.08460168607371595,0.027967220772935068,False,False,False,True,True
