noise_p,trial,accuracy,false_cases,changed_count
0.001,0,1.0,0,0
0.001,1,0.9988095238095238,1,1
0.001,2,1.0,0,0
0.001,3,1.0,0,0
0.001,4,1.0,0,0
0.001,5,1.0,0,0
0.001,6,1.0,0,0
0.001,7,0.9964285714285714,3,3
0.001,8,0.9976190476190476,2,3
0.001,9,0.9988095238095238,1,1
0.001,10,0.9988095238095238,1,1
0.001,11,0.9988095238095238,1,1
0.001,12,1.0,0,0
0.001,13,0.9988095238095238,1,1
0.001,14,0.9988095238095238,1,1
0.001,15,1.0,0,0
0.001,16,0.9988095238095238,1,1
0.001,17,1.0,0,0
0.001,18,1.0,0,0
0.001,19,1.0,0,0
0.001,20,0.9988095238095238,1,1
0.001,21,0.9952380952380953,4,4
0.001,22,0.9964285714285714,3,3
0.001,23,1.0,0,1
0.001,24,1.0,0,0
0.001,25,0.9988095238095238,1,1
0.001,26,0.9988095238095238,1,1
0.001,27,1.0,0,0
0.001,28,0.9988095238095238,1,1
0.001,29,0.9988095238095238,1,2
0.001,30,1.0,0,0
0.001,31,0.9988095238095238,1,1
0.001,32,1.0,0,0
0.001,33,0.9976190476190476,2,2
0.001,34,1.0,0,0
0.001,35,0.9976190476190476,2,3
0.001,36,1.0,0,0
0.001,37,1.0,0,0
0.001,38,1.0,0,0
0.001,39,0.9988095238095238,1,1
0.001,40,1.0,0,1
0.001,41,0.9988095238095238,1,1
0.001,42,0.9976190476190476,2,2
0.001,43,1.0,0,1
0.001,44,0.9988095238095238,1,1
0.001,45,1.0,0,0
0.001,46,0.9988095238095238,1,1
0.001,47,0.9988095238095238,1,1
0.001,48,0.9988095238095238,1,1
0.001,49,0.9988095238095238,1,2
0.001,50,0.9964285714285714,3,3
0.001,51,1.0,0,0
0.001,52,0.9976190476190476,2,2
0.001,53,0.9976190476190476,2,2
0.001,54,1.0,0,0
0.001,55,0.9988095238095238,1,1
0.001,56,1.0,0,0
0.001,57,0.9964285714285714,3,3
0.001,58,1.0,0,0
0.001,59,0.9988095238095238,1,1
0.001,60,1.0,0,0
0.001,61,0.9988095238095238,1,1
0.001,62,1.0,0,0
0.001,63,1.0,0,0
0.001,64,0.9988095238095238,1,2
0.001,65,1.0,0,0
0.001,66,0.9988095238095238,1,1
0.001,67,0.9988095238095238,1,1
0.001,68,1.0,0,0
0.001,69,0.9988095238095238,1,1
0.001,70,0.9988095238095238,1,1
0.001,71,1.0,0,0
0.001,72,1.0,0,0
0.001,73,0.9988095238095238,1,1
0.001,74,0.9988095238095238,1,1
0.001,75,0.9988095238095238,1,1
0.001,76,0.9988095238095238,1,1
0.001,77,1.0,0,0
0.001,78,0.9988095238095238,1,1
0.001,79,0.9976190476190476,2,2
0.001,80,1.0,0,0
0.001,81,0.9976190476190476,2,2
0.001,82,1.0,0,0
0.001,83,0.9988095238095238,1,1
0.001,84,1.0,0,0
0.001,85,1.0,0,1
0.001,86,1.0,0,0
0.001,87,0.9988095238095238,1,2
0.001,88,0.9988095238095238,1,1
0.001,89,1.0,0,0
0.001,90,0.9988095238095238,1,1
0.001,91,1.0,0,0
0.001,92,0.9988095238095238,1,1
0.001,93,0.9988095238095238,1,1
0.001,94,0.9964285714285714,3,4
0.001,95,0.9988095238095238,1,1
0.001,96,1.0,0,0
0.001,97,1.0,0,0
0.001,98,1.0,0,0
0.001,99,1.0,0,1
0.001,100,0.9988095238095238,1,1
0.001,101,1.0,0,1
0.001,102,1.0,0,0
0.001,103,1.0,0,0
0.001,104,1.0,0,0
0.001,105,0.9988095238095238,1,1
0.001,106,0.9988095238095238,1,1
0.001,107,1.0,0,0
0.001,108,0.9976190476190476,2,2
0.001,109,0.9952380952380953,4,5
0.001,110,0.9988095238095238,1,1
0.001,111,0.9988095238095238,1,2
0.001,112,1.0,0,0
0.001,113,1.0,0,0
0.001,114,0.9988095238095238,1,1
0.001,115,0.9976190476190476,2,2
0.001,116,1.0,0,1
0.001,117,1.0,0,0
0.001,118,1.0,0,0
0.001,119,0.9976190476190476,2,2
0.001,120,1.0,0,0
0.001,121,0.9988095238095238,1,1
0.001,122,0.9988095238095238,1,1
0.001,123,0.9988095238095238,1,1
0.001,124,0.9988095238095238,1,1
0.001,125,1.0,0,0
0.001,126,1.0,0,0
0.001,127,0.9988095238095238,1,1
0.001,128,1.0,0,0
0.001,129,0.9976190476190476,2,2
0.001,130,1.0,0,0
0.001,131,1.0,0,0
0.001,132,1.0,0,0
0.001,133,0.9988095238095238,1,1
0.001,134,0.9976190476190476,2,2
0.001,135,1.0,0,0
0.001,136,1.0,0,0
0.001,137,0.9988095238095238,1,1
0.001,138,0.9988095238095238,1,1
0.001,139,0.9976190476190476,2,2
0.001,140,1.0,0,0
0.001,141,1.0,0,0
0.001,142,0.9988095238095238,1,1
0.001,143,0.9976190476190476,2,2
0.001,144,1.0,0,0
0.001,145,0.9988095238095238,1,1
0.001,146,0.9976190476190476,2,2
0.001,147,0.9976190476190476,2,2
0.001,148,0.9988095238095238,1,1
0.001,149,0.9988095238095238,1,1
0.001,150,0.9976190476190476,2,2
0.001,151,1.0,0,0
0.001,152,1.0,0,0
0.001,153,1.0,0,0
0.001,154,1.0,0,1
0.001,155,0.9988095238095238,1,1
0.001,156,1.0,0,0
0.001,157,1.0,0,0
0.001,158,1.0,0,0
0.001,159,0.9976190476190476,2,2
0.001,160,1.0,0,0
0.001,161,0.9976190476190476,2,2
0.001,162,1.0,0,1
0.001,163,0.9988095238095238,1,1
0.001,164,0.9964285714285714,3,3
0.001,165,0.9976190476190476,2,2
0.001,166,0.9976190476190476,2,2
0.001,167,1.0,0,0
0.001,168,1.0,0,0
0.001,169,0.9988095238095238,1,1
0.001,170,0.9988095238095238,1,2
0.001,171,1.0,0,0
0.001,172,1.0,0,0
0.001,173,0.9988095238095238,1,1
0.001,174,1.0,0,0
0.001,175,0.9988095238095238,1,1
0.001,176,1.0,0,0
0.001,177,1.0,0,0
0.001,178,0.9976190476190476,2,2
0.001,179,0.9988095238095238,1,2
0.001,180,0.9976190476190476,2,2
0.001,181,1.0,0,0
0.001,182,0.9976190476190476,2,2
0.001,183,1.0,0,0
0.001,184,1.0,0,0
0.001,185,0.9988095238095238,1,1
0.001,186,1.0,0,0
0.001,187,0.9988095238095238,1,1
0.001,188,1.0,0,0
0.001,189,0.9988095238095238,1,1
0.001,190,0.9988095238095238,1,1
0.001,191,0.9976190476190476,2,2
0.001,192,0.9988095238095238,1,1
0.001,193,0.9988095238095238,1,1
0.001,194,1.0,0,0
0.001,195,1.0,0,0
0.001,196,0.9988095238095238,1,1
0.001,197,0.9988095238095238,1,1
0.001,198,1.0,0,0
0.001,199,1.0,0,0
0.005,0,0.9976190476190476,2,3
0.005,1,0.9976190476190476,2,2
0.005,2,0.9964285714285714,3,3
0.005,3,0.9952380952380953,4,4
0.005,4,0.9952380952380953,4,4
0.005,5,0.9904761904761905,8,12
0.005,6,0.9952380952380953,4,5
0.005,7,0.9940476190476191,5,6
0.005,8,0.9952380952380953,4,4
0.005,9,0.9952380952380953,4,6
0.005,10,0.9976190476190476,2,2
0.005,11,0.9952380952380953,4,4
0.005,12,0.9916666666666667,7,9
0.005,13,0.9952380952380953,4,4
0.005,14,0.9928571428571429,6,6
0.005,15,0.9952380952380953,4,5
0.005,16,0.9952380952380953,4,4
0.005,17,0.9940476190476191,5,5
0.005,18,0.9952380952380953,4,4
0.005,19,0.9976190476190476,2,2
0.005,20,0.9940476190476191,5,5
0.005,21,0.9940476190476191,5,5
0.005,22,0.9976190476190476,2,2
0.005,23,0.9952380952380953,4,4
0.005,24,0.9952380952380953,4,4
0.005,25,0.9928571428571429,6,7
0.005,26,0.9952380952380953,4,4
0.005,27,0.9892857142857143,9,9
0.005,28,0.9940476190476191,5,5
0.005,29,0.9928571428571429,6,6
0.005,30,1.0,0,0
0.005,31,0.9964285714285714,3,4
0.005,32,0.9976190476190476,2,3
0.005,33,0.9952380952380953,4,5
0.005,34,0.9964285714285714,3,3
0.005,35,0.9928571428571429,6,7
0.005,36,0.9952380952380953,4,5
0.005,37,1.0,0,0
0.005,38,0.9964285714285714,3,3
0.005,39,0.9964285714285714,3,3
0.005,40,0.9988095238095238,1,1
0.005,41,0.9988095238095238,1,1
0.005,42,0.9940476190476191,5,5
0.005,43,0.9916666666666667,7,7
0.005,44,0.9952380952380953,4,4
0.005,45,0.9964285714285714,3,4
0.005,46,0.9976190476190476,2,2
0.005,47,0.9940476190476191,5,5
0.005,48,0.9964285714285714,3,4
0.005,49,0.9916666666666667,7,7
0.005,50,0.9988095238095238,1,2
0.005,51,0.9952380952380953,4,5
0.005,52,0.9964285714285714,3,3
0.005,53,0.9928571428571429,6,6
0.005,54,0.9952380952380953,4,4
0.005,55,0.9952380952380953,4,4
0.005,56,0.9940476190476191,5,7
0.005,57,0.9976190476190476,2,2
0.005,58,0.9952380952380953,4,4
0.005,59,0.9964285714285714,3,3
0.005,60,0.9952380952380953,4,5
0.005,61,0.9964285714285714,3,4
0.005,62,0.9976190476190476,2,3
0.005,63,0.9988095238095238,1,1
0.005,64,0.9940476190476191,5,5
0.005,65,0.9940476190476191,5,5
0.005,66,0.9880952380952381,10,11
0.005,67,0.9964285714285714,3,3
0.005,68,0.9952380952380953,4,4
0.005,69,0.9928571428571429,6,7
0.005,70,0.9880952380952381,10,11
0.005,71,0.9964285714285714,3,3
0.005,72,0.9964285714285714,3,3
0.005,73,0.9964285714285714,3,5
0.005,74,0.9952380952380953,4,5
0.005,75,0.9952380952380953,4,4
0.005,76,0.9964285714285714,3,3
0.005,77,0.9988095238095238,1,1
0.005,78,0.9928571428571429,6,6
0.005,79,0.9916666666666667,7,8
0.005,80,0.9976190476190476,2,2
0.005,81,0.9976190476190476,2,2
0.005,82,0.9952380952380953,4,5
0.005,83,0.9988095238095238,1,1
0.005,84,0.9976190476190476,2,2
0.005,85,0.9952380952380953,4,4
0.005,86,0.9940476190476191,5,5
0.005,87,0.9964285714285714,3,3
0.005,88,0.9976190476190476,2,2
0.005,89,0.9976190476190476,2,2
0.005,90,0.9952380952380953,4,5
0.005,91,0.9964285714285714,3,3
0.005,92,0.9904761904761905,8,9
0.005,93,0.9916666666666667,7,7
0.005,94,0.9976190476190476,2,2
0.005,95,0.9976190476190476,2,2
0.005,96,0.9964285714285714,3,3
0.005,97,0.9976190476190476,2,2
0.005,98,1.0,0,1
0.005,99,0.9964285714285714,3,4
0.005,100,0.9964285714285714,3,3
0.005,101,0.9976190476190476,2,2
0.005,102,0.9964285714285714,3,3
0.005,103,0.9916666666666667,7,7
0.005,104,0.9928571428571429,6,6
0.005,105,0.9964285714285714,3,3
0.005,106,0.9988095238095238,1,1
0.005,107,0.9964285714285714,3,4
0.005,108,0.9952380952380953,4,4
0.005,109,0.9988095238095238,1,2
0.005,110,0.9976190476190476,2,2
0.005,111,0.9964285714285714,3,4
0.005,112,0.9904761904761905,8,8
0.005,113,0.9964285714285714,3,3
0.005,114,0.9928571428571429,6,6
0.005,115,0.9904761904761905,8,8
0.005,116,0.9904761904761905,8,10
0.005,117,0.9964285714285714,3,4
0.005,118,0.9952380952380953,4,4
0.005,119,0.9940476190476191,5,5
0.005,120,0.9940476190476191,5,6
0.005,121,0.9940476190476191,5,6
0.005,122,0.9988095238095238,1,2
0.005,123,0.9976190476190476,2,2
0.005,124,0.9964285714285714,3,3
0.005,125,0.9952380952380953,4,4
0.005,126,0.9928571428571429,6,6
0.005,127,0.9988095238095238,1,1
0.005,128,0.9940476190476191,5,5
0.005,129,0.9952380952380953,4,5
0.005,130,0.9976190476190476,2,3
0.005,131,0.9964285714285714,3,4
0.005,132,0.9904761904761905,8,8
0.005,133,0.9964285714285714,3,3
0.005,134,0.9976190476190476,2,2
0.005,135,0.9928571428571429,6,7
0.005,136,0.9964285714285714,3,3
0.005,137,0.9940476190476191,5,5
0.005,138,0.9976190476190476,2,3
0.005,139,0.9964285714285714,3,4
0.005,140,0.9940476190476191,5,5
0.005,141,0.9880952380952381,10,11
0.005,142,0.9952380952380953,4,5
0.005,143,0.9964285714285714,3,3
0.005,144,0.9952380952380953,4,4
0.005,145,0.9964285714285714,3,4
0.005,146,0.9964285714285714,3,4
0.005,147,0.9928571428571429,6,6
0.005,148,0.9940476190476191,5,6
0.005,149,0.9952380952380953,4,4
0.005,150,0.9964285714285714,3,5
0.005,151,0.9928571428571429,6,6
0.005,152,0.9928571428571429,6,8
0.005,153,0.9988095238095238,1,1
0.005,154,0.9928571428571429,6,6
0.005,155,0.9952380952380953,4,4
0.005,156,0.9952380952380953,4,5
0.005,157,0.9988095238095238,1,1
0.005,158,0.9952380952380953,4,4
0.005,159,0.9916666666666667,7,7
0.005,160,0.9952380952380953,4,5
0.005,161,0.9964285714285714,3,3
0.005,162,0.9988095238095238,1,1
0.005,163,0.9916666666666667,7,8
0.005,164,0.9952380952380953,4,4
0.005,165,0.9952380952380953,4,4
0.005,166,0.9964285714285714,3,3
0.005,167,0.9988095238095238,1,2
0.005,168,0.9940476190476191,5,5
0.005,169,0.9976190476190476,2,2
0.005,170,0.9916666666666667,7,8
0.005,171,0.9976190476190476,2,2
0.005,172,0.9940476190476191,5,5
0.005,173,0.9976190476190476,2,2
0.005,174,0.9928571428571429,6,6
0.005,175,0.9952380952380953,4,4
0.005,176,0.9964285714285714,3,3
0.005,177,0.9952380952380953,4,4
0.005,178,0.9916666666666667,7,8
0.005,179,0.9964285714285714,3,3
0.005,180,0.9988095238095238,1,1
0.005,181,0.9940476190476191,5,6
0.005,182,0.9940476190476191,5,5
0.005,183,0.9904761904761905,8,8
0.005,184,0.9952380952380953,4,4
0.005,185,0.9976190476190476,2,2
0.005,186,0.9964285714285714,3,3
0.005,187,0.9964285714285714,3,4
0.005,188,0.9976190476190476,2,2
0.005,189,0.9964285714285714,3,3
0.005,190,0.9988095238095238,1,1
0.005,191,0.9916666666666667,7,7
0.005,192,0.9928571428571429,6,7
0.005,193,0.9952380952380953,4,5
0.005,194,1.0,0,0
0.005,195,0.9904761904761905,8,8
0.005,196,0.9964285714285714,3,3
0.005,197,0.9964285714285714,3,3
0.005,198,0.9916666666666667,7,7
0.005,199,0.9952380952380953,4,4
0.01,0,0.9928571428571429,6,7
0.01,1,0.9904761904761905,8,9
0.01,2,0.9904761904761905,8,8
0.01,3,0.9940476190476191,5,5
0.01,4,0.9892857142857143,9,9
0.01,5,0.9916666666666667,7,8
0.01,6,0.9880952380952381,10,12
0.01,7,0.9904761904761905,8,11
0.01,8,0.9964285714285714,3,4
0.01,9,0.9916666666666667,7,8
0.01,10,0.9976190476190476,2,3
0.01,11,0.9916666666666667,7,7
0.01,12,0.986904761904762,11,14
0.01,13,0.9880952380952381,10,10
0.01,14,0.9904761904761905,8,10
0.01,15,0.9892857142857143,9,9
0.01,16,0.9916666666666667,7,9
0.01,17,0.9904761904761905,8,8
0.01,18,0.9928571428571429,6,8
0.01,19,0.9845238095238096,13,14
0.01,20,0.9928571428571429,6,6
0.01,21,0.9880952380952381,10,10
0.01,22,0.9940476190476191,5,5
0.01,23,0.9904761904761905,8,9
0.01,24,0.9904761904761905,8,8
0.01,25,0.9964285714285714,3,4
0.01,26,0.9952380952380953,4,4
0.01,27,0.9976190476190476,2,3
0.01,28,0.9952380952380953,4,5
0.01,29,0.9928571428571429,6,7
0.01,30,0.9857142857142858,12,12
0.01,31,0.9892857142857143,9,10
0.01,32,0.986904761904762,11,13
0.01,33,0.9928571428571429,6,6
0.01,34,0.9845238095238096,13,13
0.01,35,0.9928571428571429,6,6
0.01,36,0.9928571428571429,6,6
0.01,37,0.9916666666666667,7,8
0.01,38,0.9880952380952381,10,11
0.01,39,0.9952380952380953,4,4
0.01,40,0.9916666666666667,7,8
0.01,41,0.9952380952380953,4,5
0.01,42,0.9952380952380953,4,5
0.01,43,0.9880952380952381,10,10
0.01,44,0.9880952380952381,10,10
0.01,45,0.9940476190476191,5,6
0.01,46,0.9904761904761905,8,8
0.01,47,0.9916666666666667,7,9
0.01,48,0.9904761904761905,8,8
0.01,49,0.9928571428571429,6,7
0.01,50,0.9928571428571429,6,7
0.01,51,0.9940476190476191,5,6
0.01,52,0.9916666666666667,7,7
0.01,53,0.9940476190476191,5,7
0.01,54,0.9928571428571429,6,9
0.01,55,0.9880952380952381,10,10
0.01,56,0.9940476190476191,5,5
0.01,57,0.9940476190476191,5,6
0.01,58,0.9928571428571429,6,6
0.01,59,0.9976190476190476,2,2
0.01,60,0.9940476190476191,5,5
0.01,61,0.9964285714285714,3,4
0.01,62,0.9964285714285714,3,4
0.01,63,0.9892857142857143,9,9
0.01,64,0.9904761904761905,8,9
0.01,65,0.9880952380952381,10,14
0.01,66,0.9928571428571429,6,7
0.01,67,0.9892857142857143,9,9
0.01,68,0.9928571428571429,6,6
0.01,69,0.9940476190476191,5,6
0.01,70,0.9904761904761905,8,11
0.01,71,0.9952380952380953,4,4
0.01,72,0.9928571428571429,6,7
0.01,73,0.9916666666666667,7,9
0.01,74,0.986904761904762,11,12
0.01,75,0.9916666666666667,7,7
0.01,76,0.986904761904762,11,11
0.01,77,0.9880952380952381,10,10
0.01,78,0.9892857142857143,9,10
0.01,79,0.9940476190476191,5,6
0.01,80,0.986904761904762,11,11
0.01,81,0.9880952380952381,10,10
0.01,82,0.9880952380952381,10,13
0.01,83,0.9845238095238096,13,13
0.01,84,0.9833333333333333,14,14
0.01,85,0.9857142857142858,12,13
0.01,86,0.9904761904761905,8,9
0.01,87,0.9785714285714285,18,20
0.01,88,0.9892857142857143,9,12
0.01,89,0.986904761904762,11,12
0.01,90,0.9833333333333333,14,15
0.01,91,0.9952380952380953,4,4
0.01,92,0.9940476190476191,5,6
0.01,93,0.9904761904761905,8,8
0.01,94,0.9880952380952381,10,12
0.01,95,0.9952380952380953,4,4
0.01,96,0.9928571428571429,6,8
0.01,97,0.9940476190476191,5,5
0.01,98,0.9892857142857143,9,9
0.01,99,0.9892857142857143,9,9
0.01,100,0.9892857142857143,9,11
0.01,101,0.9940476190476191,5,5
0.01,102,0.9785714285714285,18,18
0.01,103,0.9904761904761905,8,8
0.01,104,0.9892857142857143,9,11
0.01,105,0.9952380952380953,4,4
0.01,106,0.9916666666666667,7,12
0.01,107,0.9916666666666667,7,7
0.01,108,0.9904761904761905,8,8
0.01,109,0.9916666666666667,7,8
0.01,110,0.9821428571428571,15,17
0.01,111,0.9940476190476191,5,6
0.01,112,0.9904761904761905,8,9
0.01,113,0.9857142857142858,12,12
0.01,114,0.9904761904761905,8,9
0.01,115,0.9904761904761905,8,9
0.01,116,0.986904761904762,11,11
0.01,117,0.9952380952380953,4,5
0.01,118,0.9940476190476191,5,7
0.01,119,0.9892857142857143,9,10
0.01,120,0.9880952380952381,10,10
0.01,121,0.9892857142857143,9,10
0.01,122,0.9952380952380953,4,5
0.01,123,0.986904761904762,11,12
0.01,124,0.9940476190476191,5,8
0.01,125,0.9928571428571429,6,6
0.01,126,0.9928571428571429,6,6
0.01,127,0.9880952380952381,10,11
0.01,128,0.9916666666666667,7,7
0.01,129,0.9916666666666667,7,7
0.01,130,0.9916666666666667,7,8
0.01,131,0.9904761904761905,8,8
0.01,132,0.9880952380952381,10,10
0.01,133,0.986904761904762,11,11
0.01,134,0.9928571428571429,6,7
0.01,135,0.9892857142857143,9,10
0.01,136,0.9904761904761905,8,8
0.01,137,0.9892857142857143,9,9
0.01,138,0.9880952380952381,10,11
0.01,139,0.9916666666666667,7,8
0.01,140,0.9892857142857143,9,9
0.01,141,0.9916666666666667,7,8
0.01,142,0.9928571428571429,6,6
0.01,143,0.9916666666666667,7,8
0.01,144,0.9928571428571429,6,7
0.01,145,0.9928571428571429,6,6
0.01,146,0.9916666666666667,7,7
0.01,147,0.9940476190476191,5,5
0.01,148,0.9880952380952381,10,11
0.01,149,0.9952380952380953,4,6
0.01,150,0.9952380952380953,4,6
0.01,151,0.9952380952380953,4,5
0.01,152,0.9940476190476191,5,6
0.01,153,0.9904761904761905,8,8
0.01,154,0.9904761904761905,8,8
0.01,155,0.9904761904761905,8,9
0.01,156,0.9928571428571429,6,7
0.01,157,0.9916666666666667,7,7
0.01,158,0.9892857142857143,9,10
0.01,159,0.9833333333333333,14,16
0.01,160,0.9928571428571429,6,9
0.01,161,0.9952380952380953,4,4
0.01,162,0.9857142857142858,12,12
0.01,163,0.9916666666666667,7,7
0.01,164,0.9928571428571429,6,6
0.01,165,0.9952380952380953,4,4
0.01,166,0.9916666666666667,7,8
0.01,167,0.9940476190476191,5,8
0.01,168,0.9916666666666667,7,10
0.01,169,0.9904761904761905,8,8
0.01,170,0.9940476190476191,5,5
0.01,171,0.986904761904762,11,11
0.01,172,0.9940476190476191,5,5
0.01,173,0.9904761904761905,8,8
0.01,174,0.986904761904762,11,11
0.01,175,0.9916666666666667,7,9
0.01,176,0.9976190476190476,2,3
0.01,177,0.9964285714285714,3,5
0.01,178,0.9976190476190476,2,2
0.01,179,0.9928571428571429,6,7
0.01,180,0.9952380952380953,4,4
0.01,181,0.9880952380952381,10,10
0.01,182,0.9857142857142858,12,12
0.01,183,0.9976190476190476,2,2
0.01,184,0.9892857142857143,9,10
0.01,185,0.9904761904761905,8,12
0.01,186,0.9940476190476191,5,6
0.01,187,0.9904761904761905,8,9
0.01,188,0.9892857142857143,9,10
0.01,189,0.9916666666666667,7,8
0.01,190,0.9904761904761905,8,9
0.01,191,0.9916666666666667,7,8
0.01,192,0.9940476190476191,5,5
0.01,193,0.9892857142857143,9,9
0.01,194,0.9940476190476191,5,6
0.01,195,0.9952380952380953,4,6
0.01,196,0.9940476190476191,5,5
0.01,197,0.9904761904761905,8,9
0.01,198,0.9904761904761905,8,8
0.01,199,0.9845238095238096,13,13
0.02,0,0.9892857142857143,9,11
0.02,1,0.9904761904761905,8,10
0.02,2,0.9880952380952381,10,11
0.02,3,0.9821428571428571,15,15
0.02,4,0.9785714285714285,18,20
0.02,5,0.9821428571428571,15,17
0.02,6,0.9785714285714285,18,21
0.02,7,0.9892857142857143,9,11
0.02,8,0.9857142857142858,12,13
0.02,9,0.9785714285714285,18,18
0.02,10,0.9880952380952381,10,12
0.02,11,0.9845238095238096,13,15
0.02,12,0.9738095238095238,22,26
0.02,13,0.9821428571428571,15,15
0.02,14,0.9833333333333333,14,15
0.02,15,0.9809523809523809,16,18
0.02,16,0.9880952380952381,10,16
0.02,17,0.9809523809523809,16,16
0.02,18,0.9880952380952381,10,12
0.02,19,0.9880952380952381,10,12
0.02,20,0.9904761904761905,8,9
0.02,21,0.9833333333333333,14,14
0.02,22,0.9797619047619047,17,17
0.02,23,0.9821428571428571,15,17
0.02,24,0.9761904761904762,20,23
0.02,25,0.986904761904762,11,16
0.02,26,0.9845238095238096,13,14
0.02,27,0.9785714285714285,18,19
0.02,28,0.9726190476190476,23,25
0.02,29,0.9892857142857143,9,12
0.02,30,0.9809523809523809,16,17
0.02,31,0.9714285714285714,24,25
0.02,32,0.9904761904761905,8,9
0.02,33,0.9714285714285714,24,25
0.02,34,0.9880952380952381,10,11
0.02,35,0.9845238095238096,13,15
0.02,36,0.9857142857142858,12,13
0.02,37,0.9809523809523809,16,17
0.02,38,0.9833333333333333,14,18
0.02,39,0.9880952380952381,10,14
0.02,40,0.9833333333333333,14,15
0.02,41,0.975,21,26
0.02,42,0.9845238095238096,13,15
0.02,43,0.9916666666666667,7,8
0.02,44,0.9857142857142858,12,12
0.02,45,0.9833333333333333,14,14
0.02,46,0.9726190476190476,23,26
0.02,47,0.9714285714285714,24,24
0.02,48,0.9821428571428571,15,15
0.02,49,0.9821428571428571,15,16
0.02,50,0.9833333333333333,14,14
0.02,51,0.9797619047619047,17,19
0.02,52,0.9809523809523809,16,18
0.02,53,0.9833333333333333,14,15
0.02,54,0.9773809523809524,19,21
0.02,55,0.9785714285714285,18,21
0.02,56,0.9916666666666667,7,10
0.02,57,0.9761904761904762,20,22
0.02,58,0.9785714285714285,18,20
0.02,59,0.9761904761904762,20,21
0.02,60,0.9845238095238096,13,14
0.02,61,0.975,21,22
0.02,62,0.9785714285714285,18,19
0.02,63,0.9809523809523809,16,18
0.02,64,0.9761904761904762,20,22
0.02,65,0.9821428571428571,15,16
0.02,66,0.9821428571428571,15,17
0.02,67,0.9845238095238096,13,14
0.02,68,0.9845238095238096,13,18
0.02,69,0.9833333333333333,14,14
0.02,70,0.9821428571428571,15,17
0.02,71,0.9797619047619047,17,18
0.02,72,0.9797619047619047,17,18
0.02,73,0.9797619047619047,17,20
0.02,74,0.9809523809523809,16,17
0.02,75,0.9892857142857143,9,10
0.02,76,0.9857142857142858,12,18
0.02,77,0.9833333333333333,14,15
0.02,78,0.9797619047619047,17,19
0.02,79,0.9821428571428571,15,15
0.02,80,0.9880952380952381,10,12
0.02,81,0.9857142857142858,12,14
0.02,82,0.986904761904762,11,12
0.02,83,0.9892857142857143,9,10
0.02,84,0.9785714285714285,18,20
0.02,85,0.9880952380952381,10,11
0.02,86,0.9726190476190476,23,23
0.02,87,0.9797619047619047,17,18
0.02,88,0.986904761904762,11,11
0.02,89,0.9738095238095238,22,24
0.02,90,0.9821428571428571,15,17
0.02,91,0.9964285714285714,3,3
0.02,92,0.9892857142857143,9,9
0.02,93,0.9857142857142858,12,12
0.02,94,0.9821428571428571,15,16
0.02,95,0.9809523809523809,16,17
0.02,96,0.9809523809523809,16,18
0.02,97,0.9773809523809524,19,20
0.02,98,0.9785714285714285,18,20
0.02,99,0.975,21,21
0.02,100,0.9833333333333333,14,16
0.02,101,0.9845238095238096,13,14
0.02,102,0.9773809523809524,19,21
0.02,103,0.9785714285714285,18,19
0.02,104,0.9821428571428571,15,19
0.02,105,0.9833333333333333,14,19
0.02,106,0.9845238095238096,13,15
0.02,107,0.9809523809523809,16,17
0.02,108,0.9857142857142858,12,15
0.02,109,0.9821428571428571,15,18
0.02,110,0.9773809523809524,19,19
0.02,111,0.9892857142857143,9,9
0.02,112,0.9797619047619047,17,21
0.02,113,0.9785714285714285,18,21
0.02,114,0.9821428571428571,15,21
0.02,115,0.9845238095238096,13,13
0.02,116,0.9797619047619047,17,19
0.02,117,0.9773809523809524,19,23
0.02,118,0.9809523809523809,16,19
0.02,119,0.9797619047619047,17,22
0.02,120,0.9797619047619047,17,17
0.02,121,0.975,21,22
0.02,122,0.986904761904762,11,11
0.02,123,0.986904761904762,11,12
0.02,124,0.9773809523809524,19,20
0.02,125,0.9785714285714285,18,19
0.02,126,0.9761904761904762,20,22
0.02,127,0.9833333333333333,14,17
0.02,128,0.9821428571428571,15,17
0.02,129,0.9821428571428571,15,19
0.02,130,0.9797619047619047,17,18
0.02,131,0.9821428571428571,15,15
0.02,132,0.9773809523809524,19,21
0.02,133,0.986904761904762,11,14
0.02,134,0.9833333333333333,14,15
0.02,135,0.9773809523809524,19,22
0.02,136,0.9833333333333333,14,17
0.02,137,0.986904761904762,11,11
0.02,138,0.9880952380952381,10,12
0.02,139,0.9773809523809524,19,23
0.02,140,0.9797619047619047,17,19
0.02,141,0.9857142857142858,12,13
0.02,142,0.975,21,21
0.02,143,0.9785714285714285,18,21
0.02,144,0.9761904761904762,20,21
0.02,145,0.986904761904762,11,11
0.02,146,0.9785714285714285,18,21
0.02,147,0.9773809523809524,19,22
0.02,148,0.9833333333333333,14,18
0.02,149,0.986904761904762,11,13
0.02,150,0.9845238095238096,13,15
0.02,151,0.9904761904761905,8,11
0.02,152,0.9738095238095238,22,24
0.02,153,0.9809523809523809,16,19
0.02,154,0.986904761904762,11,12
0.02,155,0.9833333333333333,14,17
0.02,156,0.9845238095238096,13,14
0.02,157,0.975,21,22
0.02,158,0.9833333333333333,14,15
0.02,159,0.9857142857142858,12,13
0.02,160,0.9845238095238096,13,14
0.02,161,0.9761904761904762,20,22
0.02,162,0.9809523809523809,16,17
0.02,163,0.9833333333333333,14,19
0.02,164,0.9845238095238096,13,15
0.02,165,0.9857142857142858,12,12
0.02,166,0.9761904761904762,20,22
0.02,167,0.986904761904762,11,11
0.02,168,0.9785714285714285,18,19
0.02,169,0.9880952380952381,10,11
0.02,170,0.986904761904762,11,14
0.02,171,0.9845238095238096,13,15
0.02,172,0.9797619047619047,17,18
0.02,173,0.9785714285714285,18,18
0.02,174,0.9845238095238096,13,15
0.02,175,0.9833333333333333,14,18
0.02,176,0.9845238095238096,13,14
0.02,177,0.9845238095238096,13,16
0.02,178,0.9892857142857143,9,10
0.02,179,0.9857142857142858,12,13
0.02,180,0.9809523809523809,16,18
0.02,181,0.9833333333333333,14,14
0.02,182,0.9880952380952381,10,12
0.02,183,0.9797619047619047,17,18
0.02,184,0.9833333333333333,14,17
0.02,185,0.9809523809523809,16,16
0.02,186,0.9857142857142858,12,14
0.02,187,0.9845238095238096,13,15
0.02,188,0.9845238095238096,13,15
0.02,189,0.9928571428571429,6,9
0.02,190,0.9833333333333333,14,18
0.02,191,0.9857142857142858,12,13
0.02,192,0.9821428571428571,15,17
0.02,193,0.9857142857142858,12,12
0.02,194,0.9761904761904762,20,23
0.02,195,0.9845238095238096,13,13
0.02,196,0.9857142857142858,12,14
0.02,197,0.9857142857142858,12,13
0.02,198,0.9845238095238096,13,13
0.02,199,0.9833333333333333,14,16
0.05,0,0.9583333333333334,35,38
0.05,1,0.955952380952381,37,44
0.05,2,0.95,42,47
0.05,3,0.9571428571428572,36,44
0.05,4,0.9547619047619048,38,46
0.05,5,0.9511904761904761,41,44
0.05,6,0.9464285714285714,45,47
0.05,7,0.9547619047619048,38,46
0.05,8,0.9416666666666667,49,54
0.05,9,0.95,42,46
0.05,10,0.9619047619047619,32,36
0.05,11,0.9595238095238096,34,38
0.05,12,0.944047619047619,47,52
0.05,13,0.9392857142857143,51,54
0.05,14,0.955952380952381,37,44
0.05,15,0.9630952380952381,31,35
0.05,16,0.9535714285714286,39,39
0.05,17,0.9547619047619048,38,44
0.05,18,0.9523809523809523,40,48
0.05,19,0.9511904761904761,41,48
0.05,20,0.9535714285714286,39,41
0.05,21,0.9535714285714286,39,49
0.05,22,0.9678571428571429,27,28
0.05,23,0.9595238095238096,34,35
0.05,24,0.944047619047619,47,51
0.05,25,0.955952380952381,37,38
0.05,26,0.9511904761904761,41,43
0.05,27,0.9547619047619048,38,45
0.05,28,0.955952380952381,37,42
0.05,29,0.9476190476190476,44,48
0.05,30,0.9607142857142857,33,36
0.05,31,0.9571428571428572,36,39
0.05,32,0.9547619047619048,38,44
0.05,33,0.9642857142857143,30,35
0.05,34,0.9452380952380952,46,48
0.05,35,0.9511904761904761,41,46
0.05,36,0.969047619047619,26,27
0.05,37,0.9523809523809523,40,42
0.05,38,0.9619047619047619,32,34
0.05,39,0.9523809523809523,40,46
0.05,40,0.9607142857142857,33,34
0.05,41,0.9464285714285714,45,47
0.05,42,0.955952380952381,37,44
0.05,43,0.9523809523809523,40,43
0.05,44,0.9464285714285714,45,51
0.05,45,0.9654761904761905,29,31
0.05,46,0.9666666666666667,28,31
0.05,47,0.95,42,45
0.05,48,0.9583333333333334,35,43
0.05,49,0.9452380952380952,46,49
0.05,50,0.9488095238095238,43,46
0.05,51,0.9630952380952381,31,33
0.05,52,0.9511904761904761,41,44
0.05,53,0.9547619047619048,38,43
0.05,54,0.9464285714285714,45,51
0.05,55,0.9488095238095238,43,52
0.05,56,0.969047619047619,26,32
0.05,57,0.9619047619047619,32,36
0.05,58,0.9619047619047619,32,42
0.05,59,0.9702380952380952,25,27
0.05,60,0.95,42,47
0.05,61,0.9607142857142857,33,35
0.05,62,0.9452380952380952,46,48
0.05,63,0.9547619047619048,38,42
0.05,64,0.9476190476190476,44,48
0.05,65,0.9607142857142857,33,39
0.05,66,0.9523809523809523,40,48
0.05,67,0.9464285714285714,45,48
0.05,68,0.9571428571428572,36,43
0.05,69,0.9619047619047619,32,34
0.05,70,0.9535714285714286,39,45
0.05,71,0.9535714285714286,39,46
0.05,72,0.9464285714285714,45,47
0.05,73,0.9583333333333334,35,41
0.05,74,0.9666666666666667,28,32
0.05,75,0.9642857142857143,30,34
0.05,76,0.9595238095238096,34,37
0.05,77,0.9476190476190476,44,47
0.05,78,0.9571428571428572,36,41
0.05,79,0.9642857142857143,30,30
0.05,80,0.9464285714285714,45,48
0.05,81,0.955952380952381,37,45
0.05,82,0.9607142857142857,33,37
0.05,83,0.9488095238095238,43,48
0.05,84,0.9535714285714286,39,42
0.05,85,0.9571428571428572,36,42
0.05,86,0.9535714285714286,39,44
0.05,87,0.9619047619047619,32,37
0.05,88,0.9464285714285714,45,49
0.05,89,0.9619047619047619,32,36
0.05,90,0.9523809523809523,40,45
0.05,91,0.9535714285714286,39,46
0.05,92,0.9511904761904761,41,49
0.05,93,0.9523809523809523,40,43
0.05,94,0.9630952380952381,31,32
0.05,95,0.9452380952380952,46,49
0.05,96,0.9547619047619048,38,41
0.05,97,0.9333333333333333,56,60
0.05,98,0.9476190476190476,44,46
0.05,99,0.9595238095238096,34,37
0.05,100,0.9511904761904761,41,42
0.05,101,0.9619047619047619,32,34
0.05,102,0.9583333333333334,35,38
0.05,103,0.9583333333333334,35,39
0.05,104,0.9488095238095238,43,48
0.05,105,0.944047619047619,47,50
0.05,106,0.9416666666666667,49,53
0.05,107,0.9619047619047619,32,36
0.05,108,0.9607142857142857,33,38
0.05,109,0.9595238095238096,34,37
0.05,110,0.9571428571428572,36,39
0.05,111,0.9666666666666667,28,29
0.05,112,0.9595238095238096,34,42
0.05,113,0.9583333333333334,35,38
0.05,114,0.9523809523809523,40,49
0.05,115,0.9547619047619048,38,41
0.05,116,0.9630952380952381,31,33
0.05,117,0.9571428571428572,36,38
0.05,118,0.9404761904761905,50,56
0.05,119,0.9452380952380952,46,51
0.05,120,0.9488095238095238,43,49
0.05,121,0.95,42,48
0.05,122,0.944047619047619,47,49
0.05,123,0.955952380952381,37,45
0.05,124,0.9535714285714286,39,46
0.05,125,0.9511904761904761,41,46
0.05,126,0.9404761904761905,50,54
0.05,127,0.9571428571428572,36,42
0.05,128,0.9607142857142857,33,40
0.05,129,0.95,42,47
0.05,130,0.9571428571428572,36,42
0.05,131,0.9535714285714286,39,46
0.05,132,0.9571428571428572,36,37
0.05,133,0.9571428571428572,36,41
0.05,134,0.9571428571428572,36,41
0.05,135,0.9476190476190476,44,47
0.05,136,0.9416666666666667,49,54
0.05,137,0.9392857142857143,51,54
0.05,138,0.9452380952380952,46,52
0.05,139,0.9488095238095238,43,45
0.05,140,0.9547619047619048,38,43
0.05,141,0.9511904761904761,41,45
0.05,142,0.9547619047619048,38,43
0.05,143,0.9452380952380952,46,52
0.05,144,0.955952380952381,37,38
0.05,145,0.9452380952380952,46,56
0.05,146,0.9488095238095238,43,48
0.05,147,0.9547619047619048,38,43
0.05,148,0.9452380952380952,46,47
0.05,149,0.9619047619047619,32,33
0.05,150,0.9547619047619048,38,41
0.05,151,0.9535714285714286,39,43
0.05,152,0.9654761904761905,29,31
0.05,153,0.9511904761904761,41,47
0.05,154,0.9428571428571428,48,50
0.05,155,0.9511904761904761,41,46
0.05,156,0.9511904761904761,41,44
0.05,157,0.9488095238095238,43,45
0.05,158,0.9511904761904761,41,44
0.05,159,0.9511904761904761,41,46
0.05,160,0.9619047619047619,32,36
0.05,161,0.9523809523809523,40,46
0.05,162,0.9571428571428572,36,39
0.05,163,0.9476190476190476,44,51
0.05,164,0.969047619047619,26,32
0.05,165,0.9523809523809523,40,46
0.05,166,0.9464285714285714,45,48
0.05,167,0.9476190476190476,44,44
0.05,168,0.9523809523809523,40,41
0.05,169,0.9428571428571428,48,52
0.05,170,0.9607142857142857,33,36
0.05,171,0.9595238095238096,34,37
0.05,172,0.9642857142857143,30,34
0.05,173,0.955952380952381,37,39
0.05,174,0.9452380952380952,46,50
0.05,175,0.9535714285714286,39,45
0.05,176,0.9547619047619048,38,40
0.05,177,0.9464285714285714,45,49
0.05,178,0.9511904761904761,41,50
0.05,179,0.9583333333333334,35,43
0.05,180,0.9416666666666667,49,51
0.05,181,0.95,42,45
0.05,182,0.9583333333333334,35,38
0.05,183,0.9595238095238096,34,34
0.05,184,0.955952380952381,37,40
0.05,185,0.9630952380952381,31,31
0.05,186,0.9547619047619048,38,42
0.05,187,0.955952380952381,37,40
0.05,188,0.9654761904761905,29,35
0.05,189,0.9523809523809523,40,46
0.05,190,0.9607142857142857,33,38
0.05,191,0.9595238095238096,34,37
0.05,192,0.9619047619047619,32,40
0.05,193,0.955952380952381,37,39
0.05,194,0.95,42,45
0.05,195,0.9583333333333334,35,40
0.05,196,0.9654761904761905,29,34
0.05,197,0.9464285714285714,45,49
0.05,198,0.9488095238095238,43,44
0.05,199,0.9595238095238096,34,35
0.1,0,0.9178571428571428,69,81
0.1,1,0.9023809523809524,82,90
0.1,2,0.8916666666666667,91,100
0.1,3,0.9095238095238095,76,81
0.1,4,0.919047619047619,68,84
0.1,5,0.905952380952381,79,85
0.1,6,0.9011904761904762,83,89
0.1,7,0.9130952380952381,73,79
0.1,8,0.9107142857142857,75,81
0.1,9,0.9071428571428571,78,87
0.1,10,0.9047619047619048,80,87
0.1,11,0.9154761904761904,71,82
0.1,12,0.9023809523809524,82,90
0.1,13,0.9154761904761904,71,79
0.1,14,0.905952380952381,79,85
0.1,15,0.8964285714285715,87,97
0.1,16,0.9011904761904762,83,90
0.1,17,0.9178571428571428,69,80
0.1,18,0.9238095238095239,64,70
0.1,19,0.9226190476190477,65,74
0.1,20,0.905952380952381,79,86
0.1,21,0.8940476190476191,89,98
0.1,22,0.919047619047619,68,80
0.1,23,0.9023809523809524,82,87
0.1,24,0.9119047619047619,74,82
0.1,25,0.9202380952380952,67,71
0.1,26,0.8988095238095238,85,96
0.1,27,0.8964285714285715,87,91
0.1,28,0.8916666666666667,91,104
0.1,29,0.9166666666666666,70,83
0.1,30,0.9071428571428571,78,91
0.1,31,0.9095238095238095,76,83
0.1,32,0.9023809523809524,82,93
0.1,33,0.9107142857142857,75,88
0.1,34,0.9047619047619048,80,86
0.1,35,0.8952380952380953,88,101
0.1,36,0.9119047619047619,74,82
0.1,37,0.8976190476190476,86,97
0.1,38,0.905952380952381,79,87
0.1,39,0.9285714285714286,60,67
0.1,40,0.919047619047619,68,77
0.1,41,0.905952380952381,79,90
0.1,42,0.9166666666666666,70,76
0.1,43,0.9166666666666666,70,77
0.1,44,0.9095238095238095,76,88
0.1,45,0.9142857142857143,72,80
0.1,46,0.9166666666666666,70,79
0.1,47,0.9130952380952381,73,82
0.1,48,0.9023809523809524,82,89
0.1,49,0.8940476190476191,89,97
0.1,50,0.9107142857142857,75,80
0.1,51,0.9,84,93
0.1,52,0.8964285714285715,87,92
0.1,53,0.9130952380952381,73,81
0.1,54,0.9,84,93
0.1,55,0.8976190476190476,86,97
0.1,56,0.9166666666666666,70,80
0.1,57,0.9107142857142857,75,84
0.1,58,0.9178571428571428,69,79
0.1,59,0.9166666666666666,70,77
0.1,60,0.9130952380952381,73,80
0.1,61,0.9214285714285714,66,72
0.1,62,0.9119047619047619,74,82
0.1,63,0.8916666666666667,91,100
0.1,64,0.8928571428571429,90,98
0.1,65,0.8892857142857142,93,103
0.1,66,0.9202380952380952,67,78
0.1,67,0.9,84,95
0.1,68,0.9011904761904762,83,88
0.1,69,0.888095238095238,94,99
0.1,70,0.9119047619047619,74,83
0.1,71,0.9083333333333333,77,85
0.1,72,0.9071428571428571,78,84
0.1,73,0.9130952380952381,73,81
0.1,74,0.8869047619047619,95,104
0.1,75,0.919047619047619,68,73
0.1,76,0.9083333333333333,77,85
0.1,77,0.8976190476190476,86,97
0.1,78,0.8976190476190476,86,90
0.1,79,0.9095238095238095,76,85
0.1,80,0.9178571428571428,69,79
0.1,81,0.9035714285714286,81,87
0.1,82,0.9142857142857143,72,83
0.1,83,0.888095238095238,94,104
0.1,84,0.925,63,69
0.1,85,0.9130952380952381,73,80
0.1,86,0.9119047619047619,74,80
0.1,87,0.9,84,89
0.1,88,0.9154761904761904,71,82
0.1,89,0.9023809523809524,82,90
0.1,90,0.905952380952381,79,85
0.1,91,0.9273809523809524,61,70
0.1,92,0.905952380952381,79,85
0.1,93,0.9107142857142857,75,82
0.1,94,0.9083333333333333,77,83
0.1,95,0.9142857142857143,72,77
0.1,96,0.8964285714285715,87,92
0.1,97,0.905952380952381,79,92
0.1,98,0.9202380952380952,67,82
0.1,99,0.9095238095238095,76,87
0.1,100,0.905952380952381,79,85
0.1,101,0.9095238095238095,76,82
0.1,102,0.9202380952380952,67,75
0.1,103,0.8964285714285715,87,102
0.1,104,0.9130952380952381,73,79
0.1,105,0.919047619047619,68,74
0.1,106,0.9261904761904762,62,77
0.1,107,0.9119047619047619,74,82
0.1,108,0.9357142857142857,54,61
0.1,109,0.9071428571428571,78,83
0.1,110,0.8952380952380953,88,95
0.1,111,0.9071428571428571,78,88
0.1,112,0.905952380952381,79,87
0.1,113,0.9011904761904762,83,90
0.1,114,0.8988095238095238,85,94
0.1,115,0.9083333333333333,77,85
0.1,116,0.9178571428571428,69,75
0.1,117,0.925,63,69
0.1,118,0.8916666666666667,91,100
0.1,119,0.9226190476190477,65,74
0.1,120,0.905952380952381,79,86
0.1,121,0.9261904761904762,62,67
0.1,122,0.9083333333333333,77,82
0.1,123,0.9095238095238095,76,82
0.1,124,0.9023809523809524,82,93
0.1,125,0.8976190476190476,86,95
0.1,126,0.9095238095238095,76,87
0.1,127,0.9095238095238095,76,86
0.1,128,0.9119047619047619,74,82
0.1,129,0.905952380952381,79,89
0.1,130,0.9095238095238095,76,88
0.1,131,0.9071428571428571,78,90
0.1,132,0.9011904761904762,83,100
0.1,133,0.9154761904761904,71,90
0.1,134,0.9071428571428571,78,88
0.1,135,0.9083333333333333,77,89
0.1,136,0.8904761904761904,92,98
0.1,137,0.9154761904761904,71,78
0.1,138,0.9011904761904762,83,89
0.1,139,0.9178571428571428,69,74
0.1,140,0.9178571428571428,69,78
0.1,141,0.9071428571428571,78,88
0.1,142,0.9011904761904762,83,94
0.1,143,0.9035714285714286,81,87
0.1,144,0.9107142857142857,75,81
0.1,145,0.9,84,92
0.1,146,0.925,63,74
0.1,147,0.9238095238095239,64,76
0.1,148,0.9107142857142857,75,90
0.1,149,0.905952380952381,79,85
0.1,150,0.9047619047619048,80,85
0.1,151,0.8964285714285715,87,92
0.1,152,0.905952380952381,79,87
0.1,153,0.9142857142857143,72,81
0.1,154,0.9214285714285714,66,75
0.1,155,0.925,63,68
0.1,156,0.9071428571428571,78,87
0.1,157,0.9142857142857143,72,78
0.1,158,0.9154761904761904,71,81
0.1,159,0.9071428571428571,78,92
0.1,160,0.9035714285714286,81,90
0.1,161,0.9119047619047619,74,86
0.1,162,0.9285714285714286,60,74
0.1,163,0.9142857142857143,72,81
0.1,164,0.905952380952381,79,86
0.1,165,0.9071428571428571,78,86
0.1,166,0.9285714285714286,60,63
0.1,167,0.9035714285714286,81,94
0.1,168,0.9023809523809524,82,89
0.1,169,0.9119047619047619,74,79
0.1,170,0.9047619047619048,80,93
0.1,171,0.9285714285714286,60,66
0.1,172,0.9297619047619048,59,69
0.1,173,0.9178571428571428,69,79
0.1,174,0.9,84,92
0.1,175,0.9011904761904762,83,90
0.1,176,0.9035714285714286,81,92
0.1,177,0.9119047619047619,74,81
0.1,178,0.8976190476190476,86,96
0.1,179,0.9130952380952381,73,84
0.1,180,0.9130952380952381,73,82
0.1,181,0.8845238095238095,97,101
0.1,182,0.9071428571428571,78,84
0.1,183,0.9071428571428571,78,83
0.1,184,0.9202380952380952,67,74
0.1,185,0.9154761904761904,71,77
0.1,186,0.9214285714285714,66,76
0.1,187,0.9095238095238095,76,82
0.1,188,0.9107142857142857,75,81
0.1,189,0.9202380952380952,67,78
0.1,190,0.9178571428571428,69,77
0.1,191,0.925,63,74
0.1,192,0.8916666666666667,91,103
0.1,193,0.8892857142857142,93,101
0.1,194,0.9130952380952381,73,84
0.1,195,0.9011904761904762,83,89
0.1,196,0.905952380952381,79,91
0.1,197,0.9345238095238095,55,62
0.1,198,0.905952380952381,79,87
0.1,199,0.9095238095238095,76,83
0.2,0,0.7988095238095239,169,188
0.2,1,0.8,168,182
0.2,2,0.819047619047619,152,162
0.2,3,0.7976190476190477,170,190
0.2,4,0.8047619047619048,164,185
0.2,5,0.819047619047619,152,170
0.2,6,0.8130952380952381,157,180
0.2,7,0.8011904761904762,167,178
0.2,8,0.8095238095238095,160,180
0.2,9,0.8380952380952381,136,153
0.2,10,0.7976190476190477,170,183
0.2,11,0.8273809523809523,145,158
0.2,12,0.8345238095238096,139,155
0.2,13,0.7952380952380952,172,183
0.2,14,0.819047619047619,152,169
0.2,15,0.830952380952381,142,164
0.2,16,0.8226190476190476,149,170
0.2,17,0.8154761904761905,155,177
0.2,18,0.8238095238095238,148,166
0.2,19,0.8214285714285714,150,172
0.2,20,0.8273809523809523,145,161
0.2,21,0.8035714285714286,165,182
0.2,22,0.8238095238095238,148,168
0.2,23,0.8130952380952381,157,179
0.2,24,0.8238095238095238,148,159
0.2,25,0.8166666666666667,154,173
0.2,26,0.8321428571428572,141,165
0.2,27,0.825,147,156
0.2,28,0.8130952380952381,157,174
0.2,29,0.8214285714285714,150,162
0.2,30,0.8226190476190476,149,161
0.2,31,0.8119047619047619,158,172
0.2,32,0.8285714285714286,144,168
0.2,33,0.8083333333333333,161,181
0.2,34,0.8238095238095238,148,167
0.2,35,0.8345238095238096,139,154
0.2,36,0.825,147,161
0.2,37,0.8178571428571428,153,166
0.2,38,0.8392857142857143,135,150
0.2,39,0.8214285714285714,150,170
0.2,40,0.819047619047619,152,163
0.2,41,0.8333333333333334,140,157
0.2,42,0.8107142857142857,159,170
0.2,43,0.8392857142857143,135,157
0.2,44,0.8380952380952381,136,159
0.2,45,0.8297619047619048,143,159
0.2,46,0.8214285714285714,150,164
0.2,47,0.8321428571428572,141,160
0.2,48,0.8321428571428572,141,165
0.2,49,0.8107142857142857,159,180
0.2,50,0.7964285714285714,171,188
0.2,51,0.8380952380952381,136,152
0.2,52,0.7964285714285714,171,189
0.2,53,0.8083333333333333,161,177
0.2,54,0.8083333333333333,161,181
0.2,55,0.8285714285714286,144,163
0.2,56,0.8214285714285714,150,168
0.2,57,0.8297619047619048,143,160
0.2,58,0.8154761904761905,155,173
0.2,59,0.8035714285714286,165,182
0.2,60,0.8511904761904762,125,143
0.2,61,0.8214285714285714,150,176
0.2,62,0.8047619047619048,164,182
0.2,63,0.8130952380952381,157,173
0.2,64,0.819047619047619,152,166
0.2,65,0.8464285714285714,129,146
0.2,66,0.8095238095238095,160,178
0.2,67,0.8345238095238096,139,151
0.2,68,0.8107142857142857,159,174
0.2,69,0.8285714285714286,144,165
0.2,70,0.8380952380952381,136,155
0.2,71,0.8321428571428572,141,156
0.2,72,0.8011904761904762,167,189
0.2,73,0.805952380952381,163,174
0.2,74,0.8107142857142857,159,179
0.2,75,0.8333333333333334,140,158
0.2,76,0.8083333333333333,161,177
0.2,77,0.830952380952381,142,158
0.2,78,0.8238095238095238,148,167
0.2,79,0.8095238095238095,160,181
0.2,80,0.8,168,178
0.2,81,0.8261904761904761,146,167
0.2,82,0.8166666666666667,154,175
0.2,83,0.8226190476190476,149,165
0.2,84,0.8071428571428572,162,176
0.2,85,0.830952380952381,142,159
0.2,86,0.819047619047619,152,163
0.2,87,0.8559523809523809,121,135
0.2,88,0.85,126,143
0.2,89,0.8130952380952381,157,169
0.2,90,0.8202380952380952,151,168
0.2,91,0.8119047619047619,158,175
0.2,92,0.8380952380952381,136,149
0.2,93,0.8130952380952381,157,176
0.2,94,0.7904761904761904,176,189
0.2,95,0.825,147,168
0.2,96,0.8,168,187
0.2,97,0.8261904761904761,146,167
0.2,98,0.8321428571428572,141,154
0.2,99,0.8369047619047619,137,157
0.2,100,0.8285714285714286,144,153
0.2,101,0.8297619047619048,143,153
0.2,102,0.8119047619047619,158,178
0.2,103,0.8238095238095238,148,164
0.2,104,0.7976190476190477,170,184
0.2,105,0.830952380952381,142,164
0.2,106,0.8369047619047619,137,149
0.2,107,0.825,147,163
0.2,108,0.8202380952380952,151,174
0.2,109,0.8404761904761905,134,155
0.2,110,0.8261904761904761,146,164
0.2,111,0.8119047619047619,158,177
0.2,112,0.8142857142857143,156,170
0.2,113,0.8392857142857143,135,152
0.2,114,0.8166666666666667,154,172
0.2,115,0.8166666666666667,154,164
0.2,116,0.8595238095238096,118,141
0.2,117,0.825,147,161
0.2,118,0.8261904761904761,146,160
0.2,119,0.8047619047619048,164,182
0.2,120,0.8273809523809523,145,157
0.2,121,0.8392857142857143,135,148
0.2,122,0.7916666666666666,175,189
0.2,123,0.8166666666666667,154,173
0.2,124,0.8154761904761905,155,170
0.2,125,0.8083333333333333,161,177
0.2,126,0.8,168,184
0.2,127,0.8130952380952381,157,175
0.2,128,0.7964285714285714,171,186
0.2,129,0.85,126,148
0.2,130,0.8107142857142857,159,181
0.2,131,0.8166666666666667,154,175
0.2,132,0.8380952380952381,136,161
0.2,133,0.8416666666666667,133,149
0.2,134,0.8226190476190476,149,176
0.2,135,0.8202380952380952,151,167
0.2,136,0.8178571428571428,153,172
0.2,137,0.8369047619047619,137,148
0.2,138,0.8119047619047619,158,171
0.2,139,0.825,147,156
0.2,140,0.825,147,160
0.2,141,0.8202380952380952,151,169
0.2,142,0.825,147,158
0.2,143,0.8166666666666667,154,174
0.2,144,0.8273809523809523,145,158
0.2,145,0.819047619047619,152,165
0.2,146,0.8011904761904762,167,185
0.2,147,0.7964285714285714,171,188
0.2,148,0.8273809523809523,145,157
0.2,149,0.8083333333333333,161,174
0.2,150,0.8297619047619048,143,161
0.2,151,0.8226190476190476,149,168
0.2,152,0.8226190476190476,149,174
0.2,153,0.8297619047619048,143,163
0.2,154,0.8226190476190476,149,162
0.2,155,0.8321428571428572,141,159
0.2,156,0.8226190476190476,149,160
0.2,157,0.8416666666666667,133,150
0.2,158,0.8214285714285714,150,168
0.2,159,0.8273809523809523,145,165
0.2,160,0.805952380952381,163,178
0.2,161,0.8238095238095238,148,165
0.2,162,0.8166666666666667,154,171
0.2,163,0.8238095238095238,148,163
0.2,164,0.8202380952380952,151,165
0.2,165,0.8202380952380952,151,166
0.2,166,0.8095238095238095,160,176
0.2,167,0.7952380952380952,172,189
0.2,168,0.8226190476190476,149,175
0.2,169,0.8214285714285714,150,165
0.2,170,0.8202380952380952,151,166
0.2,171,0.8333333333333334,140,155
0.2,172,0.85,126,143
0.2,173,0.8238095238095238,148,164
0.2,174,0.8095238095238095,160,174
0.2,175,0.8226190476190476,149,162
0.2,176,0.8285714285714286,144,164
0.2,177,0.8154761904761905,155,175
0.2,178,0.8107142857142857,159,177
0.2,179,0.8047619047619048,164,186
0.2,180,0.8178571428571428,153,172
0.2,181,0.8095238095238095,160,173
0.2,182,0.7976190476190477,170,187
0.2,183,0.8130952380952381,157,175
0.2,184,0.8273809523809523,145,165
0.2,185,0.8404761904761905,134,147
0.2,186,0.8178571428571428,153,173
0.2,187,0.8023809523809524,166,182
0.2,188,0.8357142857142857,138,156
0.2,189,0.8011904761904762,167,186
0.2,190,0.8142857142857143,156,178
0.2,191,0.8535714285714285,123,138
0.2,192,0.844047619047619,131,153
0.2,193,0.844047619047619,131,151
0.2,194,0.819047619047619,152,164
0.2,195,0.794047619047619,173,194
0.2,196,0.8107142857142857,159,175
0.2,197,0.8047619047619048,164,177
0.2,198,0.8214285714285714,150,171
0.2,199,0.7988095238095239,169,183
