class,scenario,severity,geometry_consistency,defect_AUC,weak_residual,mu_error,B_liquidity_error,branch_audit_error,repair_burden_error,V_error,C_error,audited_C_error,defect_centroid_drift,defect_support_overlap_error,validity_score,seed_idx
admissible,clean,0.0,0.9997261958891798,0.9999867847934863,0.027978446162558634,0.016058683198425804,0.0,0.0,0.0,0.03409853744672777,0.0,0.0,0.0011152413005592941,0.008348990332887996,0.9382625764995204,3.5
admissible,coordinate_relabel,0.5,0.9989746802463116,0.9999316327144636,0.0644304447412092,0.02913216858423172,0.0,0.0,0.0,0.08094739390397931,0.0,0.0,0.003730129503213609,0.022620007230100523,0.8530065373797221,3.5
admissible,omega_rescale_equiv,0.5,0.9993533472830651,0.9999589657422966,0.0033382273009620127,0.002394813018988288,0.0,0.0,0.0,0.0051434471131654065,0.0,0.0,0.0005304502017551837,0.009730208450763616,0.975300424717639,3.5
admissible,topology_preserving_smooth,0.5,0.9999585170106449,1.0,4.386936916296629e-05,0.0,0.0,0.0,0.0,0.000485229400353195,0.0,0.0,0.0,0.0,0.9996043691127668,3.5
principle_breaking,coordinated_fake_recovery,0.5,0.9949070659518147,0.9829071448519326,0.9605133856394638,0.5314123201967135,1.4999999968469737,1.4999999968469737,0.9191793068028091,0.4292389258035411,0.4438074208982566,0.4438074208982566,0.045091075043339555,0.34956706009716193,-7.197357016795361,3.5
principle_breaking,destroy_source_reserve,0.5,0.9471582580719836,0.9924361882191025,1.2337175240360596,0.40095683022801315,0.0,0.0,0.0,0.3056344085290219,0.0,0.0,0.03973006873077047,0.20428112140847535,-0.3151786651525826,3.5
principle_breaking,fake_B_liquidity,0.5,1.0,1.0,0.0,0.0,0.8504330437428619,0.8504330437428619,0.0,0.007109067613223751,0.24950299909062393,0.24950299909062393,0.0,0.0,-1.785749121734929,3.5
principle_breaking,hidden_repair_burden,0.5,1.0,1.0,0.0,0.0,0.0,0.0,0.9510983492178333,7.611604295530425e-05,0.0,0.0,0.0,0.0,-0.6644791981634247,3.5
principle_breaking,scramble_defects,0.5,0.9318286862031195,0.970861418540171,0.030700955208103134,0.24450344862731546,0.0,0.0,0.0,0.06838863360771769,0.0,0.0,0.022299747857701988,0.40572501215243717,-0.036481138410053564,3.5
