system_name,R_kpc,temperature_keV_proxy,projected_mass_proxy,temp_norm,mass_norm,abs_norm_gap
Abell 1689,200,9.2,480000000000000.0,0.9108910891089108,0.48,0.43089108910891083
Abell 1689,300,8.8,630000000000000.0,0.8712871287128714,0.63,0.2412871287128714
Abell 1689,400,8.5,750000000000000.0,0.8415841584158417,0.75,0.09158415841584167
Abell 1689,500,8.3,840000000000000.0,0.8217821782178218,0.84,0.018217821782178123
Abell 1689,600,8.5,900000000000000.0,0.8415841584158417,0.9,0.05841584158415836
Abell 1689,700,8.9,940000000000000.0,0.8811881188118813,0.94,0.05881188118811864
Abell 1689,800,9.4,970000000000000.0,0.9306930693069307,0.97,0.03930693069306923
Abell 1689,900,9.8,990000000000000.0,0.9702970297029704,0.99,0.01970297029702961
Abell 1689,1000,10.1,1000000000000000.0,1.0,1.0,0.0
